{"MCTS-50-mean": 0.4880721604620802, "MCTS-100-Opp-mean": 0.5119278395379199, "MCTS-50": [0.5859872611464968, 0.3375796178343949, 0.4140127388535032, 0.2229299363057325, 0.43312101910828027, 0.27388535031847133, 0.33121019108280253, 0.554140127388535, 0.6050955414012739, 0.1337579617834395, 0.21656050955414013, 0.31210191082802546, 0.35668789808917195, 0.6560509554140127, 0.36942675159235666, 0.7197452229299363, 1.0, 0.732484076433121, 0.9745222929936306, 1.0, 0.6178343949044586, 0.0, 0.36942675159235666, 0.1337579617834395, 0.7261146496815286, 0.6751592356687898, 0.3375796178343949, 0.0, 0.7770700636942676, 0.6560509554140127, 0.8089171974522293, 0.0, 0.6305732484076433, 0.5031847133757962, 0.2229299363057325, 0.17834394904458598, 0.12101910828025478, 0.3503184713375796, 0.4968152866242038, 0.1910828025477707, 0.3375796178343949, 0.4968152866242038, 0.5668789808917197, 0.4394904458598726, 0.43312101910828027, 0.267515923566879, 0.89171974522293, 0.7515923566878981, 0.8535031847133758, 0.8662420382165605, 0.5796178343949044, 0.2229299363057325, 0.8152866242038217, 0.3248407643312102, 0.7770700636942676, 0.3375796178343949, 0.910828025477707, 0.2356687898089172, 0.3057324840764331, 0.5859872611464968, 0.0, 0.4968152866242038, 0.21019108280254778, 0.5222929936305732, 0.4394904458598726, 0.08280254777070063, 0.8789808917197452, 0.8471337579617835, 0.5477707006369427, 0.7770700636942676, 0.5605095541401274, 0.821656050955414, 0.8280254777070064, 0.821656050955414, 0.40764331210191085, 0.21656050955414013, 0.8407643312101911, 1.0, 0.802547770700637, 0.37579617834394907, 0.5222929936305732, 0.7006369426751592, 0.8471337579617835, 0.8089171974522293, 0.3057324840764331, 0.8535031847133758, 0.3184713375796178, 0.6751592356687898, 0.7197452229299363, 0.15286624203821655, 0.2929936305732484, 0.15286624203821655, 0.7770700636942676, 0.445859872611465, 0.3375796178343949, 0.6114649681528662, 0.2929936305732484, 0.0, 0.5222929936305732, 0.0, 0.6687898089171974, 0.1592356687898089, 0.47770700636942676, 0.19745222929936307, 1.0, 0.7133757961783439, 0.8598726114649682, 0.7006369426751592, 1.0, 0.37579617834394907, 0.5159235668789809, 0.5668789808917197, 0.10191082802547771, 0.0, 0.20382165605095542, 0.0, 0.5668789808917197, 0.40764331210191085, 0.0, 0.3057324840764331, 0.39490445859872614, 1.0, 0.2356687898089172, 0.7643312101910829, 0.46496815286624205, 0.802547770700637, 0.3057324840764331, 0.8471337579617835, 0.6178343949044586, 0.1464968152866242, 0.6942675159235668, 0.12101910828025478, 0.3885350318471338, 0.40764331210191085, 0.0, 0.5222929936305732, 0.0, 1.0, 0.5477707006369427, 0.27388535031847133, 0.6624203821656051, 0.0, 0.5732484076433121, 0.36942675159235666, 1.0, 0.21656050955414013, 0.8471337579617835, 0.6050955414012739, 0.14012738853503184, 0.15286624203821655, 0.7133757961783439, 1.0, 0.2484076433121019, 0.6815286624203821, 0.8471337579617835, 0.8089171974522293, 0.37579617834394907, 0.5159235668789809, 0.21656050955414013, 0.25477707006369427, 0.15286624203821655], "MCTS-100-Opp": [0.4140127388535032, 0.6624203821656051, 0.5859872611464968, 0.7770700636942676, 0.5668789808917197, 0.7261146496815286, 0.6687898089171974, 0.445859872611465, 0.39490445859872614, 0.8662420382165605, 0.7834394904458599, 0.6878980891719745, 0.643312101910828, 0.34394904458598724, 0.6305732484076433, 0.2802547770700637, 0.0, 0.267515923566879, 0.025477707006369428, 0.0, 0.3821656050955414, 1.0, 0.6305732484076433, 0.8662420382165605, 0.27388535031847133, 0.3248407643312102, 0.6624203821656051, 1.0, 0.2229299363057325, 0.34394904458598724, 0.1910828025477707, 1.0, 0.36942675159235666, 0.4968152866242038, 0.7770700636942676, 0.821656050955414, 0.8789808917197452, 0.6496815286624203, 0.5031847133757962, 0.8089171974522293, 0.6624203821656051, 0.5031847133757962, 0.43312101910828027, 0.5605095541401274, 0.5668789808917197, 0.732484076433121, 0.10828025477707007, 0.2484076433121019, 0.1464968152866242, 0.1337579617834395, 0.42038216560509556, 0.7770700636942676, 0.18471337579617833, 0.6751592356687898, 0.2229299363057325, 0.6624203821656051, 0.08917197452229299, 0.7643312101910829, 0.6942675159235668, 0.4140127388535032, 1.0, 0.5031847133757962, 0.7898089171974523, 0.47770700636942676, 0.5605095541401274, 0.9171974522292994, 0.12101910828025478, 0.15286624203821655, 0.45222929936305734, 0.2229299363057325, 0.4394904458598726, 0.17834394904458598, 0.17197452229299362, 0.17834394904458598, 0.5923566878980892, 0.7834394904458599, 0.1592356687898089, 0.0, 0.19745222929936307, 0.6242038216560509, 0.47770700636942676, 0.29936305732484075, 0.15286624203821655, 0.1910828025477707, 0.6942675159235668, 0.1464968152866242, 0.6815286624203821, 0.3248407643312102, 0.2802547770700637, 0.8471337579617835, 0.7070063694267515, 0.8471337579617835, 0.2229299363057325, 0.554140127388535, 0.6624203821656051, 0.3885350318471338, 0.7070063694267515, 1.0, 0.47770700636942676, 1.0, 0.33121019108280253, 0.8407643312101911, 0.5222929936305732, 0.802547770700637, 0.0, 0.28662420382165604, 0.14012738853503184, 0.29936305732484075, 0.0, 0.6242038216560509, 0.4840764331210191, 0.43312101910828027, 0.8980891719745223, 1.0, 0.7961783439490446, 1.0, 0.43312101910828027, 0.5923566878980892, 1.0, 0.6942675159235668, 0.6050955414012739, 0.0, 0.7643312101910829, 0.2356687898089172, 0.535031847133758, 0.19745222929936307, 0.6942675159235668, 0.15286624203821655, 0.3821656050955414, 0.8535031847133758, 0.3057324840764331, 0.8789808917197452, 0.6114649681528662, 0.5923566878980892, 1.0, 0.47770700636942676, 1.0, 0.0, 0.45222929936305734, 0.7261146496815286, 0.3375796178343949, 1.0, 0.4267515923566879, 0.6305732484076433, 0.0, 0.7834394904458599, 0.15286624203821655, 0.39490445859872614, 0.8598726114649682, 0.8471337579617835, 0.28662420382165604, 0.0, 0.7515923566878981, 0.3184713375796178, 0.15286624203821655, 0.1910828025477707, 0.6242038216560509, 0.4840764331210191, 0.7834394904458599, 0.7452229299363057, 0.8471337579617835]}