{"DMCTS-mean": 0.6526114649681528, "OOS-100-v3-mean": 0.34738853503184713, "DMCTS": [0.42038216560509556, 0.535031847133758, 0.2356687898089172, 0.910828025477707, 0.7707006369426752, 0.6624203821656051, 0.18471337579617833, 0.3057324840764331, 0.6687898089171974, 1.0, 0.7388535031847133, 0.7388535031847133, 0.7707006369426752, 0.5414012738853503, 0.8280254777070064, 0.2929936305732484, 0.47770700636942676, 0.2802547770700637, 0.5732484076433121, 0.6751592356687898, 0.7834394904458599, 0.4140127388535032, 0.8471337579617835, 0.47770700636942676, 0.8089171974522293, 0.8471337579617835, 0.5159235668789809, 0.8280254777070064, 0.8980891719745223, 0.6369426751592356, 0.47770700636942676, 0.8280254777070064, 0.9745222929936306, 0.9299363057324841, 0.3375796178343949, 0.9681528662420382, 0.7898089171974523, 1.0, 0.6878980891719745, 0.7961783439490446, 0.5605095541401274, 0.0, 0.49044585987261147, 0.43312101910828027, 1.0, 0.6878980891719745, 0.9044585987261147, 0.7515923566878981, 0.46496815286624205, 0.8280254777070064, 0.4140127388535032, 0.5732484076433121, 0.802547770700637, 0.22929936305732485, 0.5732484076433121, 0.7388535031847133, 0.42038216560509556, 0.9745222929936306, 0.20382165605095542, 0.9490445859872612, 0.3057324840764331, 0.7707006369426752, 0.3184713375796178, 0.8980891719745223, 0.821656050955414, 0.910828025477707, 0.3375796178343949, 0.8726114649681529, 0.7898089171974523, 0.5732484076433121, 0.821656050955414, 0.6878980891719745, 0.6815286624203821, 0.8662420382165605, 0.7643312101910829, 0.821656050955414, 0.89171974522293, 0.9490445859872612, 0.1592356687898089, 1.0, 0.39490445859872614, 0.7133757961783439, 0.802547770700637, 0.15286624203821655, 0.802547770700637, 0.8343949044585988, 0.8471337579617835, 0.7261146496815286, 0.7579617834394905, 0.3630573248407643, 0.7388535031847133, 0.732484076433121, 0.5095541401273885, 0.6242038216560509, 0.6560509554140127, 0.39490445859872614, 0.802547770700637, 0.8598726114649682, 0.6942675159235668, 0.5987261146496815, 0.43312101910828027, 0.9299363057324841, 0.5095541401273885, 0.5796178343949044, 0.8598726114649682, 0.6114649681528662, 1.0, 0.37579617834394907, 0.7070063694267515, 0.7579617834394905, 0.7452229299363057, 0.2229299363057325, 0.37579617834394907, 0.4968152866242038, 0.8089171974522293, 0.9299363057324841, 1.0, 0.3821656050955414, 0.4840764331210191, 0.8280254777070064, 0.43312101910828027, 1.0, 0.8152866242038217, 0.8535031847133758, 0.6560509554140127, 0.4840764331210191, 0.8662420382165605, 0.6942675159235668, 0.554140127388535, 0.7197452229299363, 0.37579617834394907, 0.8152866242038217, 0.8471337579617835, 0.5477707006369427, 0.5031847133757962, 0.5923566878980892, 0.8407643312101911, 0.9681528662420382, 0.7898089171974523, 0.9808917197452229, 0.732484076433121, 0.7770700636942676, 0.7961783439490446, 0.7643312101910829, 0.4140127388535032, 0.5095541401273885, 0.9171974522292994, 0.643312101910828, 0.5477707006369427, 0.9363057324840764, 0.4012738853503185, 0.4713375796178344, 0.4394904458598726, 0.7197452229299363, 0.35668789808917195, 0.8471337579617835, 0.5159235668789809, 0.821656050955414, 0.8789808917197452, 0.7006369426751592, 0.89171974522293, 0.6114649681528662, 0.5095541401273885, 0.6496815286624203, 0.7515923566878981, 0.0, 0.4140127388535032, 0.45222929936305734, 0.8980891719745223, 0.3821656050955414, 0.40764331210191085, 0.5414012738853503, 0.7006369426751592, 0.8853503184713376, 0.20382165605095542, 0.5859872611464968, 1.0, 0.5477707006369427, 0.6624203821656051, 0.9808917197452229, 0.6050955414012739, 0.9745222929936306, 0.9872611464968153, 0.07643312101910828, 0.6496815286624203, 0.9044585987261147, 0.732484076433121, 0.8280254777070064, 0.5987261146496815, 0.4140127388535032, 0.5605095541401274, 0.7961783439490446, 0.1464968152866242, 0.3248407643312102, 0.3184713375796178, 0.7770700636942676, 0.821656050955414, 0.8726114649681529, 0.34394904458598724, 0.9171974522292994, 0.2229299363057325, 0.9681528662420382, 0.1910828025477707, 0.24203821656050956, 0.8662420382165605, 0.2484076433121019, 0.6751592356687898, 0.6878980891719745, 0.732484076433121, 0.7133757961783439, 0.5031847133757962, 1.0, 0.9171974522292994, 0.3503184713375796, 0.6815286624203821, 0.6114649681528662, 0.8662420382165605, 0.6751592356687898, 0.7261146496815286, 0.6305732484076433, 0.4840764331210191, 0.6560509554140127, 0.7834394904458599, 0.6878980891719745, 0.21019108280254778, 0.8662420382165605, 0.7006369426751592, 0.9872611464968153, 0.6305732484076433, 0.39490445859872614, 0.643312101910828, 0.821656050955414, 0.5668789808917197, 0.9171974522292994, 0.910828025477707, 0.2611464968152866, 0.8980891719745223, 0.7133757961783439, 0.5031847133757962, 1.0, 0.4394904458598726, 1.0, 0.554140127388535, 0.5859872611464968, 0.3503184713375796, 0.89171974522293, 1.0, 0.36942675159235666, 0.33121019108280253, 0.4840764331210191],