{"DMCTS-mean": 0.6479745222929936, "OOS-100-mean": 0.35202547770700643, "DMCTS": [0.33121019108280253, 0.46496815286624205, 0.9044585987261147, 0.45222929936305734, 0.8407643312101911, 0.5222929936305732, 0.4840764331210191, 0.821656050955414, 0.8535031847133758, 0.7197452229299363, 1.0, 0.8471337579617835, 0.8407643312101911, 0.8471337579617835, 0.8471337579617835, 0.7834394904458599, 0.8535031847133758, 0.6687898089171974, 0.6050955414012739, 0.910828025477707, 0.9299363057324841, 0.6560509554140127, 0.47770700636942676, 0.8535031847133758, 0.2802547770700637, 0.47770700636942676, 0.8535031847133758, 0.47770700636942676, 0.7388535031847133, 0.7197452229299363, 0.7643312101910829, 0.5923566878980892, 0.9299363057324841, 1.0, 0.6687898089171974, 0.46496815286624205, 0.3821656050955414, 0.8598726114649682, 0.6751592356687898, 0.7643312101910829, 0.24203821656050956, 0.8789808917197452, 0.535031847133758, 0.40764331210191085, 0.6305732484076433, 0.21656050955414013, 0.4968152866242038, 0.8980891719745223, 0.42038216560509556, 0.7197452229299363, 0.28662420382165604, 0.9426751592356688, 0.4585987261146497, 0.7006369426751592, 0.8471337579617835, 0.9363057324840764, 0.6178343949044586, 0.7006369426751592, 0.5796178343949044, 0.5732484076433121, 0.3503184713375796, 0.6560509554140127, 0.34394904458598724, 0.6687898089171974, 0.7388535031847133, 0.8980891719745223, 0.7770700636942676, 0.5605095541401274, 1.0, 0.6624203821656051, 0.25477707006369427, 0.5095541401273885, 0.5286624203821656, 0.8471337579617835, 0.445859872611465, 0.821656050955414, 0.7006369426751592, 1.0, 0.2802547770700637, 0.36942675159235666, 0.6942675159235668, 0.5222929936305732, 0.4394904458598726, 0.3885350318471338, 0.9554140127388535, 0.910828025477707, 0.9363057324840764, 0.8152866242038217, 0.5859872611464968, 0.643312101910828, 0.6242038216560509, 0.8535031847133758, 0.3184713375796178, 0.802547770700637, 0.3821656050955414, 0.45222929936305734, 0.6942675159235668, 0.4394904458598726, 0.535031847133758, 0.7197452229299363, 0.554140127388535, 0.7006369426751592, 0.43312101910828027, 0.08280254777070063, 0.39490445859872614, 0.5605095541401274, 0.47770700636942676, 0.7898089171974523, 0.7898089171974523, 0.802547770700637, 0.6114649681528662, 0.2484076433121019, 0.7770700636942676, 0.821656050955414, 0.2484076433121019, 0.802547770700637, 0.4140127388535032, 0.22929936305732485, 0.6050955414012739, 0.8535031847133758, 0.5859872611464968, 0.4968152866242038, 0.34394904458598724, 0.4140127388535032, 0.6496815286624203, 0.6114649681528662, 0.535031847133758, 0.49044585987261147, 0.8535031847133758, 0.9363057324840764, 0.821656050955414, 0.9808917197452229, 0.7579617834394905, 0.3503184713375796, 0.8089171974522293, 0.3184713375796178, 0.6178343949044586, 0.3375796178343949, 0.7515923566878981, 0.7707006369426752, 0.9490445859872612, 0.7770700636942676, 0.9617834394904459, 0.6178343949044586, 0.4585987261146497, 0.535031847133758, 0.2356687898089172, 0.821656050955414, 0.10191082802547771, 0.732484076433121, 0.21019108280254778, 0.8407643312101911, 0.6496815286624203, 0.7898089171974523, 0.4394904458598726, 0.8343949044585988, 0.7006369426751592, 0.5031847133757962, 0.554140127388535, 0.4713375796178344, 0.89171974522293, 0.554140127388535, 0.5222929936305732, 0.643312101910828, 0.8407643312101911, 0.9872611464968153, 0.8789808917197452, 0.9044585987261147, 0.5477707006369427, 0.9299363057324841, 0.40764331210191085, 0.4267515923566879, 0.8853503184713376, 0.40764331210191085, 0.535031847133758, 0.8726114649681529, 0.535031847133758, 0.6751592356687898, 1.0, 0.2929936305732484, 0.6305732484076433, 0.7579617834394905, 0.6751592356687898, 0.6624203821656051, 0.8343949044585988, 0.6178343949044586, 0.8726114649681529, 0.8535031847133758, 0.6815286624203821, 0.8726114649681529, 0.6242038216560509, 0.39490445859872614, 0.29936305732484075, 0.8471337579617835, 0.4267515923566879, 1.0, 0.7515923566878981, 0.3821656050955414, 0.47770700636942676, 0.6815286624203821, 0.9235668789808917, 0.19745222929936307, 0.45222929936305734, 0.47770700636942676, 0.10828025477707007, 0.643312101910828, 0.8853503184713376, 0.4140127388535032, 0.4585987261146497, 0.8598726114649682, 0.6178343949044586, 0.5987261146496815, 0.8152866242038217, 0.6178343949044586, 0.7770700636942676, 0.5668789808917197, 0.7770700636942676, 0.6751592356687898, 0.6242038216560509, 0.9363057324840764, 1.0, 0.9872611464968153, 0.554140127388535, 0.5222929936305732, 0.7515923566878981, 0.6496815286624203, 0.24203821656050956, 0.8662420382165605, 0.5031847133757962, 0.9426751592356688, 0.7579617834394905, 1.0, 0.732484076433121, 0.3057324840764331, 0.5031847133757962, 0.8407643312101911, 0.8662420382165605, 0.3630573248407643, 0.9299363057324841, 0.8980891719745223, 0.554140127388535, 0.7197452229299363, 0.9554140127388535, 0.7643312101910829, 0.3503184713375796, 0.9872611464968153, 0.45222929936305734, 0.7961783439490446, 0.8280254777070064, 0.6624203821656051],