{"DMCTS-mean": 0.5690191082802547, "OOS-100000-v3-mean": 0.4309808917197452, "DMCTS": [0.5414012738853503, 0.8089171974522293, 0.11464968152866242, 0.445859872611465, 0.3630573248407643, 0.7197452229299363, 0.7070063694267515, 0.1337579617834395, 0.1337579617834395, 0.18471337579617833, 0.37579617834394907, 0.7898089171974523, 0.7579617834394905, 0.10828025477707007, 0.8662420382165605, 0.45222929936305734, 0.7707006369426752, 0.5987261146496815, 0.29936305732484075, 0.33121019108280253, 0.3885350318471338, 0.8853503184713376, 0.8471337579617835, 1.0, 0.2802547770700637, 0.643312101910828, 0.8726114649681529, 0.6496815286624203, 0.5796178343949044, 0.8089171974522293, 0.8726114649681529, 0.9617834394904459, 0.5095541401273885, 0.7197452229299363, 0.7961783439490446, 1.0, 0.5923566878980892, 0.47770700636942676, 0.9808917197452229, 0.2484076433121019, 0.39490445859872614, 0.7452229299363057, 0.47770700636942676, 0.19745222929936307, 0.5159235668789809, 0.5732484076433121, 0.8853503184713376, 0.5987261146496815, 0.4394904458598726, 0.5095541401273885, 0.7961783439490446, 0.8280254777070064, 0.15286624203821655, 0.6878980891719745, 0.5923566878980892, 0.821656050955414, 0.4840764331210191, 0.43312101910828027, 0.22929936305732485, 0.8980891719745223, 0.8726114649681529, 0.28662420382165604, 0.46496815286624205, 0.20382165605095542, 0.4840764331210191, 0.4140127388535032, 0.7006369426751592, 0.21019108280254778, 0.6369426751592356, 0.6751592356687898, 0.22929936305732485, 0.11464968152866242, 0.802547770700637, 0.4140127388535032, 0.5668789808917197, 0.8853503184713376, 1.0, 0.7515923566878981, 0.31210191082802546, 0.8853503184713376, 0.27388535031847133, 0.9808917197452229, 0.4713375796178344, 0.6815286624203821, 0.5095541401273885, 0.7452229299363057, 0.45222929936305734, 0.445859872611465, 1.0, 0.5414012738853503, 0.49044585987261147, 0.35668789808917195, 0.6369426751592356, 0.40764331210191085, 0.7388535031847133, 0.8471337579617835, 0.5668789808917197, 0.5286624203821656, 0.445859872611465, 0.7770700636942676, 0.46496815286624205, 0.6242038216560509, 0.33121019108280253, 1.0, 0.5159235668789809, 0.14012738853503184, 0.9617834394904459, 0.802547770700637, 0.7070063694267515, 0.5222929936305732, 0.535031847133758, 0.33121019108280253, 0.5414012738853503, 0.6178343949044586, 0.535031847133758, 0.24203821656050956, 0.4840764331210191, 1.0, 0.1910828025477707, 0.5668789808917197, 0.7197452229299363, 0.47770700636942676, 0.4968152866242038, 0.5796178343949044, 0.050955414012738856], "OOS-100000-v3": [0.4585987261146497, 0.1910828025477707, 0.8853503184713376, 0.554140127388535, 0.6369426751592356, 0.2802547770700637, 0.2929936305732484, 0.8662420382165605, 0.8662420382165605, 0.8152866242038217, 0.6242038216560509, 0.21019108280254778, 0.24203821656050956, 0.89171974522293, 0.1337579617834395, 0.5477707006369427, 0.22929936305732485, 0.4012738853503185, 0.7006369426751592, 0.6687898089171974, 0.6114649681528662, 0.11464968152866242, 0.15286624203821655, 0.0, 0.7197452229299363, 0.35668789808917195, 0.12738853503184713, 0.3503184713375796, 0.42038216560509556, 0.1910828025477707, 0.12738853503184713, 0.03821656050955414, 0.49044585987261147, 0.2802547770700637, 0.20382165605095542, 0.0, 0.40764331210191085, 0.5222929936305732, 0.01910828025477707, 0.7515923566878981, 0.6050955414012739, 0.25477707006369427, 0.5222929936305732, 0.802547770700637, 0.4840764331210191, 0.4267515923566879, 0.11464968152866242, 0.4012738853503185, 0.5605095541401274, 0.49044585987261147, 0.20382165605095542, 0.17197452229299362, 0.8471337579617835, 0.31210191082802546, 0.40764331210191085, 0.17834394904458598, 0.5159235668789809, 0.5668789808917197, 0.7707006369426752, 0.10191082802547771, 0.12738853503184713, 0.7133757961783439, 0.535031847133758, 0.7961783439490446, 0.5159235668789809, 0.5859872611464968, 0.29936305732484075, 0.7898089171974523, 0.3630573248407643, 0.3248407643312102, 0.7707006369426752, 0.8853503184713376, 0.19745222929936307, 0.5859872611464968, 0.43312101910828027, 0.11464968152866242, 0.0, 0.2484076433121019, 0.6878980891719745, 0.11464968152866242, 0.7261146496815286, 0.01910828025477707, 0.5286624203821656, 0.3184713375796178, 0.49044585987261147, 0.25477707006369427, 0.5477707006369427, 0.554140127388535, 0.0, 0.4585987261146497, 0.5095541401273885, 0.643312101910828, 0.3630573248407643, 0.5923566878980892, 0.2611464968152866, 0.15286624203821655, 0.43312101910828027, 0.4713375796178344, 0.554140127388535, 0.2229299363057325, 0.535031847133758, 0.37579617834394907, 0.6687898089171974, 0.0, 0.4840764331210191, 0.8598726114649682, 0.03821656050955414, 0.19745222929936307, 0.2929936305732484, 0.47770700636942676, 0.46496815286624205, 0.6687898089171974, 0.4585987261146497, 0.3821656050955414, 0.46496815286624205, 0.7579617834394905, 0.5159235668789809, 0.0, 0.8089171974522293, 0.43312101910828027, 0.2802547770700637, 0.5222929936305732, 0.5031847133757962, 0.42038216560509556, 0.9490445859872612]}