{"DMCTS-mean": 0.5690342919642282, "OOS-100000-mean": 0.43096570803577183, "DMCTS": [0.20382165605095542, 0.8152866242038217, 0.4713375796178344, 0.6687898089171974, 0.6560509554140127, 0.9044585987261147, 0.49044585987261147, 0.4585987261146497, 0.5414012738853503, 0.5095541401273885, 0.6050955414012739, 0.8789808917197452, 0.9171974522292994, 0.46496815286624205, 0.15286624203821655, 0.3184713375796178, 0.4585987261146497, 0.3503184713375796, 0.6114649681528662, 0.31210191082802546, 0.7070063694267515, 0.5859872611464968, 0.5031847133757962, 0.7133757961783439, 0.4394904458598726, 0.39490445859872614, 0.5414012738853503, 0.9235668789808917, 0.5477707006369427, 0.6242038216560509, 0.6178343949044586, 0.5477707006369427, 0.8980891719745223, 0.4012738853503185, 0.29936305732484075, 0.5859872611464968, 0.7898089171974523, 0.4840764331210191, 0.3503184713375796, 0.5668789808917197, 0.22929936305732485, 0.2611464968152866, 0.6751592356687898, 0.49044585987261147, 0.5987261146496815, 0.37579617834394907, 0.5987261146496815, 0.3821656050955414, 0.4394904458598726, 0.6242038216560509, 0.6114649681528662, 0.6496815286624203, 0.37579617834394907, 0.7133757961783439, 0.12738853503184713, 0.9745222929936306, 0.47770700636942676, 0.46496815286624205, 0.4394904458598726, 0.7388535031847133, 0.6178343949044586, 0.7452229299363057, 1.0, 0.2611464968152866, 0.3821656050955414, 0.6369426751592356, 0.9808917197452229, 0.7707006369426752, 0.6178343949044586, 0.6687898089171974, 0.34394904458598724, 0.8726114649681529, 0.6114649681528662, 0.535031847133758, 0.2611464968152866, 0.8598726114649682, 0.46496815286624205, 0.6942675159235668, 0.4394904458598726, 0.5859872611464968, 0.35668789808917195, 1.0, 0.8152866242038217, 0.910828025477707, 0.8980891719745223, 0.6369426751592356, 0.732484076433121, 0.4394904458598726, 0.3503184713375796, 0.910828025477707, 0.22929936305732485, 0.7707006369426752, 0.9745222929936306, 0.6050955414012739, 0.5796178343949044, 1.0, 0.6178343949044586, 0.6942675159235668, 0.19745222929936307, 0.8853503184713376, 0.36942675159235666, 0.7388535031847133, 0.3248407643312102, 0.6496815286624203, 0.40764331210191085, 0.33121019108280253, 0.7834394904458599, 0.5859872611464968, 0.6624203821656051, 0.28662420382165604, 0.27388535031847133, 0.4585987261146497, 0.4267515923566879, 0.643312101910828, 0.47770700636942676, 0.3375796178343949, 0.10191082802547771, 0.267515923566879, 1.0, 0.89171974522293, 0.8407643312101911, 0.5987261146496815, 0.3057324840764331, 0.4840764331210191, 0.9235668789808917, 0.2802547770700637, 0.47770700636942676, 0.3184713375796178, 1.0, 0.1592356687898089, 0.29936305732484075, 0.4140127388535032, 0.45222929936305734, 0.802547770700637, 0.5222929936305732, 0.4968152866242038, 0.5095541401273885, 1.0, 0.5477707006369427, 0.5796178343949044, 0.5477707006369427, 0.6942675159235668, 0.3885350318471338, 0.445859872611465, 0.8471337579617835, 0.35668789808917195, 0.3375796178343949, 0.43312101910828027, 0.36942675159235666, 0.3885350318471338, 0.7261146496815286, 0.20382165605095542, 0.6496815286624203, 0.5796178343949044, 0.8535031847133758, 0.3821656050955414, 0.7197452229299363, 0.5923566878980892, 0.7133757961783439, 0.29936305732484075, 0.9235668789808917, 0.12738853503184713, 0.6305732484076433, 0.43312101910828027, 0.7261146496815286, 0.7707006369426752, 0.8343949044585988, 1.0, 0.643312101910828, 0.29936305732484075, 0.7133757961783439, 0.7388535031847133, 0.6305732484076433, 0.8089171974522293, 0.5796178343949044, 0.7452229299363057, 0.7133757961783439, 0.5222929936305732, 0.7834394904458599, 0.6560509554140127, 0.7452229299363057, 0.18471337579617833, 0.4840764331210191, 0.7261146496815286, 0.8471337579617835, 0.0, 0.5668789808917197, 0.7197452229299363, 0.4140127388535032, 0.6942675159235668, 0.3375796178343949, 0.34394904458598724, 0.6751592356687898, 0.7643312101910829, 0.4968152866242038, 0.7452229299363057, 0.45222929936305734, 0.11464968152866242], "OOS-100000": [0.7961783439490446, 0.18471337579617833, 0.5286624203821656, 0.33121019108280253, 0.34394904458598724, 0.09554140127388536, 0.5095541401273885, 0.5414012738853503, 0.4585987261146497, 0.49044585987261147, 0.39490445859872614, 0.12101910828025478, 0.08280254777070063, 0.535031847133758, 0.8471337579617835, 0.6815286624203821, 0.5414012738853503, 0.6496815286624203, 0.3885350318471338, 0.6878980891719745, 0.2929936305732484, 0.4140127388535032, 0.4968152866242038, 0.28662420382165604, 0.5605095541401274, 0.6050955414012739, 0.4585987261146497, 0.07643312101910828, 0.45222929936305734, 0.37579617834394907, 0.3821656050955414, 0.45222929936305734, 0.10191082802547771, 0.5987261146496815, 0.7006369426751592, 0.4140127388535032, 0.21019108280254778, 0.5159235668789809, 0.6496815286624203, 0.43312101910828027, 0.7707006369426752, 0.7388535031847133, 0.3248407643312102, 0.5095541401273885, 0.4012738853503185, 0.6242038216560509, 0.4012738853503185, 0.6178343949044586, 0.5605095541401274, 0.37579617834394907, 0.3885350318471338, 0.3503184713375796, 0.6242038216560509, 0.28662420382165604, 0.8726114649681529, 0.025477707006369428, 0.5222929936305732, 0.535031847133758, 0.5605095541401274, 0.2611464968152866, 0.3821656050955414, 0.25477707006369427, 0.0, 0.7388535031847133, 0.6178343949044586, 0.3630573248407643, 0.01910828025477707, 0.22929936305732485, 0.3821656050955414, 0.33121019108280253, 0.6560509554140127, 0.12738853503184713, 0.3885350318471338, 0.46496815286624205, 0.7388535031847133, 0.14012738853503184, 0.535031847133758, 0.3057324840764331, 0.5605095541401274, 0.4140127388535032, 0.643312101910828, 0.0, 0.18471337579617833, 0.08917197452229299, 0.10191082802547771, 0.3630573248407643, 0.267515923566879, 0.5605095541401274, 0.6496815286624203, 0.08917197452229299, 0.7707006369426752, 0.22929936305732485, 0.025477707006369428, 0.39490445859872614, 0.42038216560509556, 0.0, 0.3821656050955414, 0.3057324840764331, 0.802547770700637, 0.11464968152866242, 0.6305732484076433, 0.2611464968152866, 0.6751592356687898, 0.3503184713375796, 0.5923566878980892, 0.6687898089171974, 0.21656050955414013, 0.4140127388535032, 0.3375796178343949, 0.7133757961783439, 0.7261146496815286, 0.5414012738853503, 0.5732484076433121, 0.35668789808917195, 0.5222929936305732, 0.6624203821656051, 0.8980891719745223, 0.732484076433121, 0.0, 0.10828025477707007, 0.1592356687898089, 0.4012738853503185, 0.6942675159235668, 0.5159235668789809, 0.07643312101910828, 0.7197452229299363, 0.5222929936305732, 0.6815286624203821, 0.0, 0.8407643312101911, 0.7006369426751592, 0.5859872611464968, 0.5477707006369427, 0.19745222929936307, 0.47770700636942676, 0.5031847133757962, 0.49044585987261147, 0.0, 0.45222929936305734, 0.42038216560509556, 0.45222929936305734, 0.3057324840764331, 0.6114649681528662, 0.554140127388535, 0.15286624203821655, 0.643312101910828, 0.6624203821656051, 0.5668789808917197, 0.6305732484076433, 0.6114649681528662, 0.27388535031847133, 0.7961783439490446, 0.3503184713375796, 0.42038216560509556, 0.1464968152866242, 0.6178343949044586, 0.2802547770700637, 0.40764331210191085, 0.28662420382165604, 0.7006369426751592, 0.07643312101910828, 0.8726114649681529, 0.36942675159235666, 0.5668789808917197, 0.27388535031847133, 0.22929936305732485, 0.16560509554140126, 0.0, 0.35668789808917195, 0.7006369426751592, 0.28662420382165604, 0.2611464968152866, 0.36942675159235666, 0.1910828025477707, 0.42038216560509556, 0.25477707006369427, 0.28662420382165604, 0.47770700636942676, 0.21656050955414013, 0.34394904458598724, 0.25477707006369427, 0.8152866242038217, 0.5159235668789809, 0.27388535031847133, 0.15286624203821655, 1.0, 0.43312101910828027, 0.2802547770700637, 0.5859872611464968, 0.3057324840764331, 0.6624203821656051, 0.6560509554140127, 0.3248407643312102, 0.2356687898089172, 0.5031847133757962, 0.25477707006369427, 0.5477707006369427, 0.8853503184713376]}