{"DMCTS-mean": 0.651330981805263, "OOS-100-v2-mean": 0.348669018194737, "DMCTS": [0.5414012738853503, 0.33121019108280253, 0.1337579617834395, 0.6305732484076433, 0.8152866242038217, 0.7070063694267515, 0.6050955414012739, 0.8853503184713376, 0.7707006369426752, 0.6815286624203821, 0.7388535031847133, 0.4140127388535032, 0.445859872611465, 0.6305732484076433, 0.8980891719745223, 0.7515923566878981, 0.732484076433121, 0.9554140127388535, 0.7070063694267515, 0.7643312101910829, 0.7261146496815286, 0.36942675159235666, 0.445859872611465, 0.3885350318471338, 0.6242038216560509, 0.5159235668789809, 0.5605095541401274, 0.17834394904458598, 0.7261146496815286, 0.7579617834394905, 0.4394904458598726, 0.8662420382165605, 0.7388535031847133, 0.6751592356687898, 0.6369426751592356, 0.8407643312101911, 0.7834394904458599, 0.5286624203821656, 0.7707006369426752, 0.821656050955414, 0.802547770700637, 0.8471337579617835, 0.7197452229299363, 1.0, 0.7006369426751592, 0.8089171974522293, 0.6178343949044586, 0.643312101910828, 0.7579617834394905, 1.0, 0.4585987261146497, 0.9872611464968153, 0.5605095541401274, 0.46496815286624205, 0.7834394904458599, 0.8980891719745223, 0.21019108280254778, 0.6560509554140127, 0.6114649681528662, 0.7515923566878981, 0.4840764331210191, 0.9745222929936306, 0.8280254777070064, 0.9171974522292994, 0.7579617834394905, 0.7643312101910829, 0.3057324840764331, 0.6942675159235668, 0.6815286624203821, 0.8980891719745223, 0.8343949044585988, 0.6878980891719745, 0.35668789808917195, 0.6815286624203821, 0.6687898089171974, 0.42038216560509556, 0.9171974522292994, 0.43312101910828027, 0.6687898089171974, 0.5414012738853503, 0.7133757961783439, 0.554140127388535, 0.8343949044585988, 0.1592356687898089, 0.6369426751592356, 0.7643312101910829, 0.7961783439490446, 0.16560509554140126, 0.910828025477707, 0.33121019108280253, 0.8535031847133758, 1.0, 0.5668789808917197, 0.732484076433121, 0.4840764331210191, 0.7070063694267515, 0.47770700636942676, 0.89171974522293, 0.3821656050955414, 0.554140127388535, 0.49044585987261147, 0.5222929936305732, 0.22929936305732485, 1.0, 0.6942675159235668, 0.9617834394904459, 0.42038216560509556, 0.6242038216560509, 0.5732484076433121, 0.9171974522292994, 0.4585987261146497, 0.6050955414012739, 1.0, 0.5414012738853503, 0.7579617834394905, 0.8535031847133758, 0.47770700636942676, 0.5923566878980892, 0.8471337579617835, 0.45222929936305734, 0.22929936305732485, 0.6560509554140127, 0.37579617834394907, 0.22929936305732485, 0.802547770700637, 0.5668789808917197, 0.7261146496815286, 0.7197452229299363, 0.5095541401273885, 0.6305732484076433, 0.9745222929936306, 0.821656050955414, 0.6178343949044586, 0.18471337579617833, 0.7388535031847133, 1.0, 0.6242038216560509, 0.4012738853503185, 0.4713375796178344, 0.3375796178343949, 0.802547770700637, 0.49044585987261147, 0.7643312101910829, 0.5796178343949044, 0.18471337579617833, 0.910828025477707, 0.535031847133758, 0.8280254777070064, 0.5796178343949044, 0.3821656050955414, 0.5987261146496815, 0.33121019108280253, 0.7006369426751592, 0.8789808917197452, 0.4585987261146497, 0.9299363057324841, 0.4968152866242038, 0.8726114649681529, 0.7643312101910829, 0.4840764331210191, 0.42038216560509556, 0.8407643312101911, 0.2611464968152866, 0.47770700636942676, 0.8853503184713376, 1.0, 0.910828025477707, 0.7898089171974523, 0.9554140127388535, 0.3503184713375796, 0.1910828025477707, 1.0, 0.8662420382165605, 0.5605095541401274, 0.5095541401273885, 0.6178343949044586, 0.6496815286624203, 0.47770700636942676, 0.5414012738853503, 0.8471337579617835, 0.8535031847133758, 0.4140127388535032, 0.802547770700637, 1.0, 0.2929936305732484, 0.802547770700637, 0.49044585987261147, 0.6560509554140127, 0.6687898089171974, 0.34394904458598724, 0.9171974522292994, 0.3885350318471338, 0.8471337579617835, 0.6560509554140127, 0.46496815286624205, 0.5414012738853503, 0.9044585987261147, 0.9044585987261147, 0.5732484076433121, 0.7388535031847133, 0.643312101910828, 0.6815286624203821, 0.1464968152866242, 0.6050955414012739, 0.7261146496815286, 0.732484076433121, 0.2929936305732484, 0.9554140127388535, 0.7133757961783439, 0.7834394904458599, 0.7834394904458599, 0.8407643312101911, 0.6751592356687898, 0.2929936305732484, 0.5095541401273885, 0.6050955414012739, 0.6942675159235668, 0.8980891719745223, 0.4140127388535032, 0.643312101910828, 0.910828025477707, 0.46496815286624205, 0.7643312101910829, 0.40764331210191085, 0.5414012738853503, 0.910828025477707, 0.9044585987261147, 0.9299363057324841, 0.0, 1.0, 0.7133757961783439, 0.7197452229299363, 0.5859872611464968, 0.43312101910828027, 0.47770700636942676, 0.5477707006369427, 0.6050955414012739, 0.6496815286624203, 0.7133757961783439, 0.39490445859872614, 0.9171974522292994, 0.8853503184713376, 0.89171974522293, 0.5605095541401274, 1.0, 0.5796178343949044, 0.9171974522292994, 1.0, 0.5222929936305732, 0.5605095541401274, 0.8662420382165605],