{"DMCTS-mean": 0.5870023092344, "OOS-10000-mean": 0.4129976907656, "DMCTS": [0.3821656050955414, 0.8343949044585988, 0.8662420382165605, 0.4394904458598726, 0.5095541401273885, 0.34394904458598724, 0.8853503184713376, 0.3184713375796178, 0.7707006369426752, 0.5796178343949044, 0.8471337579617835, 0.6815286624203821, 0.3885350318471338, 0.267515923566879, 0.8535031847133758, 0.5796178343949044, 0.554140127388535, 0.7770700636942676, 0.643312101910828, 0.5222929936305732, 0.554140127388535, 0.643312101910828, 0.6114649681528662, 0.47770700636942676, 0.7133757961783439, 0.5286624203821656, 0.37579617834394907, 0.7070063694267515, 0.5987261146496815, 0.19745222929936307, 0.7388535031847133, 0.37579617834394907, 0.49044585987261147, 0.802547770700637, 0.7133757961783439, 0.7579617834394905, 0.5286624203821656, 0.05732484076433121, 0.20382165605095542, 0.6114649681528662, 0.732484076433121, 0.4267515923566879, 0.535031847133758, 0.6942675159235668, 1.0, 0.05732484076433121, 0.3885350318471338, 0.5222929936305732, 0.4840764331210191, 0.45222929936305734, 0.8535031847133758, 0.6178343949044586, 0.6178343949044586, 0.4968152866242038, 0.43312101910828027, 0.9299363057324841, 0.5095541401273885, 0.6624203821656051, 0.2611464968152866, 0.8343949044585988, 0.7452229299363057, 0.7070063694267515, 0.4840764331210191, 0.6878980891719745, 0.34394904458598724, 0.03821656050955414, 0.39490445859872614, 0.6560509554140127, 0.6624203821656051, 0.5668789808917197, 0.4968152866242038, 0.5095541401273885, 0.42038216560509556, 0.7452229299363057, 0.08917197452229299, 0.6687898089171974, 0.8280254777070064, 0.1464968152866242, 0.35668789808917195, 0.821656050955414, 0.821656050955414, 0.7834394904458599, 0.34394904458598724, 0.11464968152866242, 0.4585987261146497, 0.45222929936305734, 0.5732484076433121, 0.2229299363057325, 0.8343949044585988, 1.0, 0.16560509554140126, 0.7133757961783439, 0.6178343949044586, 0.3248407643312102, 0.4968152866242038, 0.6687898089171974, 0.7452229299363057, 0.5159235668789809, 0.7770700636942676, 0.18471337579617833, 0.3885350318471338, 0.7579617834394905, 0.445859872611465, 0.732484076433121, 0.5668789808917197, 0.8853503184713376, 0.5605095541401274, 0.6942675159235668, 0.6178343949044586, 0.7643312101910829, 0.5159235668789809, 0.6050955414012739, 0.4840764331210191, 0.7261146496815286, 0.4713375796178344, 0.8980891719745223, 0.6496815286624203, 0.6751592356687898, 0.3248407643312102, 0.47770700636942676, 0.2802547770700637, 0.5859872611464968, 0.5605095541401274, 0.43312101910828027, 0.47770700636942676, 0.4968152866242038, 0.7133757961783439, 0.3821656050955414, 0.4394904458598726, 0.7515923566878981, 0.8471337579617835, 0.6878980891719745, 0.8726114649681529, 0.9617834394904459, 0.9044585987261147, 0.5095541401273885, 0.47770700636942676, 0.6496815286624203, 0.45222929936305734, 0.8407643312101911, 0.5222929936305732, 0.8343949044585988, 0.5987261146496815, 0.6178343949044586, 0.6114649681528662, 0.554140127388535, 0.4585987261146497, 0.4840764331210191, 0.37579617834394907, 0.3630573248407643, 1.0, 0.5859872611464968, 0.9745222929936306, 0.6751592356687898, 0.643312101910828, 0.6624203821656051, 0.7579617834394905, 0.7261146496815286, 0.535031847133758, 0.7197452229299363, 0.910828025477707, 0.4713375796178344, 0.4585987261146497, 0.3057324840764331, 0.9490445859872612, 0.19745222929936307, 0.5159235668789809, 0.5031847133757962, 0.6305732484076433, 0.6369426751592356, 0.5796178343949044, 0.9299363057324841, 0.7770700636942676, 0.643312101910828, 0.7707006369426752, 0.7515923566878981, 1.0, 0.6815286624203821, 0.4840764331210191, 0.6687898089171974, 0.4267515923566879, 0.267515923566879, 0.8471337579617835, 0.4585987261146497, 0.6560509554140127, 0.4585987261146497, 0.6242038216560509, 0.6242038216560509, 0.5477707006369427, 0.6369426751592356, 0.6942675159235668, 0.821656050955414, 0.39490445859872614, 0.03184713375796178, 0.5222929936305732, 0.31210191082802546, 0.5987261146496815, 0.2229299363057325, 0.5668789808917197, 0.8853503184713376, 0.8598726114649682, 0.39490445859872614, 0.5095541401273885, 0.6305732484076433, 0.49044585987261147, 0.8535031847133758, 0.39490445859872614, 0.554140127388535, 0.5031847133757962, 0.3821656050955414, 0.7770700636942676, 0.9299363057324841, 0.8535031847133758, 0.5286624203821656, 0.3630573248407643, 0.4585987261146497, 0.7070063694267515, 0.3057324840764331, 0.3503184713375796, 0.49044585987261147, 0.45222929936305734, 0.5095541401273885, 0.3375796178343949, 0.6369426751592356, 0.6496815286624203, 1.0, 0.35668789808917195, 0.89171974522293, 0.5477707006369427, 0.6560509554140127, 0.46496815286624205, 0.39490445859872614, 0.7643312101910829, 0.18471337579617833, 0.22929936305732485, 0.9299363057324841, 0.5923566878980892, 0.49044585987261147, 0.8789808917197452, 0.8471337579617835, 0.8407643312101911, 0.821656050955414, 0.8343949044585988, 0.3630573248407643, 1.0, 0.7388535031847133, 0.3821656050955414, 0.5031847133757962, 0.8662420382165605, 0.9299363057324841, 0.7452229299363057],