{"DMCTS-mean": 0.6012229299363058, "OOS-1000-v2-mean": 0.3987770700636943, "DMCTS": [1.0, 0.4713375796178344, 0.6687898089171974, 0.49044585987261147, 0.5159235668789809, 0.7452229299363057, 0.5859872611464968, 0.1464968152866242, 0.5605095541401274, 0.6050955414012739, 0.5987261146496815, 0.8471337579617835, 0.36942675159235666, 0.5668789808917197, 0.9872611464968153, 0.3184713375796178, 0.4394904458598726, 0.554140127388535, 0.8471337579617835, 0.4585987261146497, 0.5095541401273885, 0.8471337579617835, 0.4267515923566879, 0.9299363057324841, 0.7133757961783439, 0.5031847133757962, 0.5477707006369427, 0.9299363057324841, 0.7070063694267515, 0.6050955414012739, 0.47770700636942676, 0.7643312101910829, 0.9808917197452229, 0.8152866242038217, 0.1592356687898089, 0.6050955414012739, 0.36942675159235666, 0.9235668789808917, 0.554140127388535, 0.7452229299363057, 0.2229299363057325, 0.6687898089171974, 0.5031847133757962, 0.8471337579617835, 0.7515923566878981, 0.4840764331210191, 0.8726114649681529, 0.7770700636942676, 0.5477707006369427, 0.9490445859872612, 0.10828025477707007, 1.0, 1.0, 0.554140127388535, 0.802547770700637, 0.33121019108280253, 0.42038216560509556, 0.3248407643312102, 1.0, 0.37579617834394907, 0.8089171974522293, 0.9171974522292994, 0.821656050955414, 0.8471337579617835, 0.3248407643312102, 0.47770700636942676, 0.910828025477707, 0.49044585987261147, 0.4585987261146497, 0.5095541401273885, 0.21019108280254778, 0.5987261146496815, 0.7070063694267515, 0.4968152866242038, 1.0, 0.1910828025477707, 0.34394904458598724, 0.445859872611465, 0.5414012738853503, 0.6369426751592356, 0.49044585987261147, 0.7707006369426752, 0.27388535031847133, 0.3630573248407643, 0.5732484076433121, 0.643312101910828, 1.0, 0.5796178343949044, 0.554140127388535, 0.6369426751592356, 0.36942675159235666, 0.8662420382165605, 0.267515923566879, 0.2484076433121019, 0.22929936305732485, 0.37579617834394907, 0.802547770700637, 0.9617834394904459, 0.6369426751592356, 0.35668789808917195, 0.6751592356687898, 0.6751592356687898, 0.33121019108280253, 0.7388535031847133, 0.6687898089171974, 0.8662420382165605, 0.5286624203821656, 0.3184713375796178, 0.554140127388535, 0.9490445859872612, 0.8471337579617835, 1.0, 0.4267515923566879, 0.5923566878980892, 0.4840764331210191, 0.3184713375796178, 0.4840764331210191, 0.8471337579617835, 0.7707006369426752, 0.8598726114649682, 0.7515923566878981, 0.2929936305732484, 0.29936305732484075, 0.3630573248407643, 0.7388535031847133, 0.8280254777070064, 0.445859872611465, 0.9171974522292994, 0.7070063694267515, 0.16560509554140126, 0.2229299363057325, 0.9490445859872612, 0.6942675159235668, 0.43312101910828027, 0.6815286624203821, 0.7579617834394905, 0.4140127388535032, 0.6178343949044586, 0.5987261146496815, 0.4012738853503185, 0.5222929936305732, 0.7579617834394905, 0.9171974522292994, 0.9044585987261147, 0.4713375796178344, 0.22929936305732485, 0.40764331210191085, 0.5732484076433121, 0.8407643312101911, 0.7643312101910829, 1.0, 0.49044585987261147, 0.6369426751592356, 0.9617834394904459, 0.4012738853503185, 0.6242038216560509, 0.7579617834394905, 0.7898089171974523, 0.802547770700637, 0.22929936305732485, 0.39490445859872614, 0.8343949044585988, 0.7197452229299363, 0.7834394904458599, 0.5477707006369427, 0.6942675159235668, 0.36942675159235666, 0.11464968152866242, 0.24203821656050956, 0.2356687898089172, 0.7197452229299363, 0.5477707006369427, 0.2929936305732484, 0.6815286624203821, 0.6496815286624203, 0.5222929936305732, 0.8980891719745223, 0.5732484076433121, 1.0, 0.7770700636942676, 0.3885350318471338, 0.5668789808917197, 0.7261146496815286, 0.08917197452229299, 0.8280254777070064, 0.3375796178343949, 0.732484076433121, 0.8853503184713376, 0.22929936305732485, 0.12738853503184713, 0.6369426751592356, 0.25477707006369427, 0.6496815286624203, 0.39490445859872614, 0.3057324840764331, 0.6178343949044586, 0.4840764331210191, 0.8280254777070064, 0.7770700636942676, 0.3057324840764331, 0.7961783439490446, 0.4140127388535032, 0.9554140127388535, 0.5668789808917197, 0.8789808917197452, 0.4585987261146497, 0.554140127388535, 0.7834394904458599, 0.9171974522292994, 0.554140127388535, 0.7898089171974523, 0.5605095541401274, 0.6178343949044586, 0.5222929936305732, 0.6496815286624203, 0.802547770700637, 0.46496815286624205, 0.7133757961783439, 0.21019108280254778, 0.7452229299363057, 0.4968152866242038, 0.5668789808917197, 0.3885350318471338, 0.6560509554140127, 0.4267515923566879, 0.9490445859872612, 0.5796178343949044, 0.7707006369426752, 0.89171974522293, 0.8598726114649682, 0.267515923566879, 0.5414012738853503, 0.4267515923566879, 0.8726114649681529, 0.8280254777070064, 0.7898089171974523, 0.5477707006369427, 0.6050955414012739, 0.16560509554140126, 0.7834394904458599, 0.7707006369426752, 0.5987261146496815, 0.643312101910828, 0.6496815286624203, 0.25477707006369427, 0.5095541401273885, 0.554140127388535, 0.7707006369426752, 0.5095541401273885, 0.4394904458598726],