{"DMCTS-mean": 0.7002055472378004, "OOS-10-v2-mean": 0.2997944527621996, "DMCTS": [0.6560509554140127, 0.8471337579617835, 0.6687898089171974, 0.7197452229299363, 1.0, 0.535031847133758, 0.5605095541401274, 0.9171974522292994, 0.821656050955414, 0.7961783439490446, 0.8280254777070064, 0.9044585987261147, 0.9299363057324841, 1.0, 0.8598726114649682, 0.9617834394904459, 0.5477707006369427, 0.7770700636942676, 0.9363057324840764, 0.28662420382165604, 0.7579617834394905, 0.8789808917197452, 0.4394904458598726, 0.9808917197452229, 0.9617834394904459, 0.0, 0.2802547770700637, 0.4713375796178344, 0.8089171974522293, 0.7898089171974523, 0.6687898089171974, 0.2229299363057325, 0.4840764331210191, 0.7579617834394905, 0.5286624203821656, 0.7388535031847133, 0.49044585987261147, 0.7388535031847133, 0.4012738853503185, 0.8471337579617835, 0.6114649681528662, 0.5477707006369427, 0.8407643312101911, 0.802547770700637, 0.4840764331210191, 0.8726114649681529, 0.5286624203821656, 1.0, 0.6624203821656051, 0.7133757961783439, 0.8343949044585988, 0.9808917197452229, 0.35668789808917195, 0.6305732484076433, 0.8853503184713376, 0.8471337579617835, 0.8789808917197452, 0.4713375796178344, 0.7579617834394905, 0.7898089171974523, 0.45222929936305734, 0.6815286624203821, 0.6560509554140127, 0.643312101910828, 0.9235668789808917, 0.47770700636942676, 0.8535031847133758, 0.9299363057324841, 1.0, 0.6114649681528662, 0.8853503184713376, 0.7770700636942676, 0.4394904458598726, 0.6942675159235668, 0.8980891719745223, 0.6178343949044586, 0.6178343949044586, 0.7388535031847133, 0.7006369426751592, 0.7133757961783439, 0.7452229299363057, 0.5605095541401274, 0.89171974522293, 0.9363057324840764, 0.7834394904458599, 0.35668789808917195, 0.4840764331210191, 0.7515923566878981, 0.821656050955414, 0.7388535031847133, 0.9299363057324841, 0.6624203821656051, 0.7961783439490446, 0.7707006369426752, 0.39490445859872614, 0.554140127388535, 0.8853503184713376, 0.7006369426751592, 1.0, 0.6687898089171974, 0.8535031847133758, 0.9490445859872612, 0.6878980891719745, 0.8535031847133758, 0.9745222929936306, 0.31210191082802546, 0.5796178343949044, 0.9617834394904459, 0.4012738853503185, 0.5159235668789809, 0.3503184713375796, 0.6560509554140127, 0.7579617834394905, 0.47770700636942676, 0.802547770700637, 0.8726114649681529, 0.22929936305732485, 0.6496815286624203, 0.7643312101910829, 0.5605095541401274, 0.8598726114649682, 0.8535031847133758, 0.9554140127388535, 0.3630573248407643, 0.8980891719745223, 0.5668789808917197, 0.8853503184713376, 0.5477707006369427, 0.732484076433121, 0.8343949044585988, 0.5987261146496815, 0.6305732484076433, 0.8853503184713376, 0.6496815286624203, 0.802547770700637, 0.5159235668789809, 0.8407643312101911, 0.7197452229299363, 0.8853503184713376, 0.8853503184713376, 0.3503184713375796, 0.89171974522293, 0.5732484076433121, 0.6369426751592356, 0.89171974522293, 0.7898089171974523, 0.445859872611465, 0.8726114649681529, 0.6560509554140127, 0.6369426751592356, 0.9872611464968153, 0.7707006369426752, 0.8343949044585988, 0.5031847133757962, 0.5987261146496815, 0.7452229299363057, 1.0, 0.45222929936305734, 0.7898089171974523, 0.5414012738853503, 0.6751592356687898, 0.9044585987261147, 0.9299363057324841, 0.7834394904458599, 0.42038216560509556, 0.5159235668789809, 0.6942675159235668, 1.0, 0.47770700636942676, 0.8726114649681529, 0.4713375796178344, 0.8407643312101911, 0.7834394904458599, 0.4394904458598726, 0.8152866242038217, 0.29936305732484075, 0.7579617834394905, 0.7388535031847133, 0.5414012738853503, 0.47770700636942676, 0.35668789808917195, 0.8089171974522293, 0.45222929936305734, 0.8662420382165605, 0.7515923566878981, 0.1910828025477707, 0.9745222929936306, 0.8471337579617835, 0.910828025477707, 0.28662420382165604, 0.8662420382165605, 0.910828025477707, 0.8152866242038217, 0.49044585987261147, 0.6878980891719745, 0.8471337579617835, 0.802547770700637, 0.2929936305732484, 0.910828025477707, 0.7261146496815286, 0.6242038216560509, 0.8280254777070064, 0.7834394904458599, 0.43312101910828027, 0.2802547770700637, 0.8726114649681529, 0.8280254777070064, 0.9426751592356688, 0.1910828025477707, 0.5668789808917197, 1.0, 0.8726114649681529, 0.7961783439490446, 1.0, 0.7707006369426752, 0.8089171974522293, 0.4840764331210191, 0.7707006369426752, 0.7770700636942676, 0.5859872611464968, 0.8662420382165605, 0.5668789808917197, 0.7579617834394905, 0.8535031847133758, 0.7961783439490446, 1.0, 0.36942675159235666, 0.5031847133757962, 0.5605095541401274, 0.643312101910828, 0.8598726114649682, 0.6815286624203821, 0.5668789808917197, 0.6751592356687898, 0.8152866242038217, 0.8853503184713376, 0.9872611464968153, 0.47770700636942676, 0.9363057324840764, 0.6751592356687898, 0.3630573248407643, 0.6942675159235668, 0.5159235668789809, 0.9426751592356688, 0.5222929936305732, 0.5159235668789809, 0.4394904458598726, 0.8853503184713376, 0.46496815286624205, 0.8152866242038217, 0.5286624203821656],