{"DMCTS-mean": 0.5781910828025477, "OOS-10000-v3-mean": 0.42180891719745217, "DMCTS": [0.7579617834394905, 0.2802547770700637, 0.9808917197452229, 0.445859872611465, 0.6942675159235668, 0.643312101910828, 0.39490445859872614, 0.29936305732484075, 0.5222929936305732, 0.7261146496815286, 0.34394904458598724, 0.7197452229299363, 0.3503184713375796, 0.6878980891719745, 0.7452229299363057, 0.8280254777070064, 0.6050955414012739, 0.6496815286624203, 0.21019108280254778, 0.40764331210191085, 0.535031847133758, 0.4713375796178344, 0.1464968152866242, 0.6624203821656051, 0.9171974522292994, 0.6624203821656051, 0.8089171974522293, 0.5222929936305732, 0.6369426751592356, 0.4968152866242038, 0.643312101910828, 0.2484076433121019, 0.0, 0.445859872611465, 0.5668789808917197, 0.16560509554140126, 0.4394904458598726, 0.9745222929936306, 0.3057324840764331, 0.5095541401273885, 0.8152866242038217, 0.1464968152866242, 0.732484076433121, 0.21019108280254778, 1.0, 0.8343949044585988, 0.5222929936305732, 0.7643312101910829, 0.5923566878980892, 0.49044585987261147, 0.3184713375796178, 0.8662420382165605, 0.8471337579617835, 1.0, 0.5668789808917197, 0.5222929936305732, 0.7961783439490446, 0.34394904458598724, 0.445859872611465, 0.8853503184713376, 0.8343949044585988, 0.802547770700637, 0.6369426751592356, 0.802547770700637, 0.49044585987261147, 0.5859872611464968, 0.29936305732484075, 0.5031847133757962, 0.49044585987261147, 0.21656050955414013, 0.7707006369426752, 0.89171974522293, 0.7643312101910829, 0.4968152866242038, 0.8280254777070064, 0.535031847133758, 0.3057324840764331, 0.732484076433121, 0.7643312101910829, 0.40764331210191085, 0.7643312101910829, 0.7197452229299363, 0.8726114649681529, 0.7770700636942676, 0.9617834394904459, 0.5222929936305732, 0.3821656050955414, 0.6942675159235668, 0.43312101910828027, 0.732484076433121, 0.7197452229299363, 0.6560509554140127, 0.9554140127388535, 0.24203821656050956, 0.8089171974522293, 0.4713375796178344, 0.643312101910828, 0.732484076433121, 0.5414012738853503, 0.34394904458598724, 0.36942675159235666, 0.22929936305732485, 0.0, 0.9235668789808917, 1.0, 0.4140127388535032, 0.7197452229299363, 0.3630573248407643, 0.2611464968152866, 0.33121019108280253, 0.9044585987261147, 0.7388535031847133, 0.39490445859872614, 0.9044585987261147, 0.6878980891719745, 0.8535031847133758, 0.7133757961783439, 0.2802547770700637, 0.17197452229299362, 0.7197452229299363, 0.6242038216560509, 0.6305732484076433, 0.40764331210191085, 0.6624203821656051, 0.4012738853503185, 0.5222929936305732, 0.5668789808917197, 0.8280254777070064, 0.3375796178343949, 0.6305732484076433, 0.6560509554140127, 0.7579617834394905, 0.5859872611464968, 0.4394904458598726, 0.21656050955414013, 0.5923566878980892, 0.5477707006369427, 0.4267515923566879, 0.8853503184713376, 0.40764331210191085, 1.0, 0.8343949044585988, 0.3057324840764331, 1.0, 0.40764331210191085, 0.31210191082802546, 0.3503184713375796, 0.7261146496815286, 0.47770700636942676, 0.7388535031847133, 0.445859872611465, 0.3184713375796178, 0.9426751592356688, 0.47770700636942676, 0.910828025477707, 0.6751592356687898, 0.3821656050955414, 0.6942675159235668, 0.7261146496815286, 0.1592356687898089, 0.5286624203821656, 0.5095541401273885, 0.9363057324840764, 0.7961783439490446, 0.8152866242038217, 0.18471337579617833, 0.5859872611464968, 0.6369426751592356, 0.7261146496815286, 0.31210191082802546, 0.3821656050955414, 0.11464968152866242, 0.7452229299363057, 0.643312101910828, 0.34394904458598724, 0.4012738853503185, 0.5923566878980892, 0.39490445859872614, 0.9617834394904459, 0.3248407643312102, 0.5477707006369427, 0.5159235668789809, 0.6815286624203821, 0.37579617834394907, 0.445859872611465, 0.6751592356687898, 0.445859872611465, 0.910828025477707, 0.7515923566878981, 0.9808917197452229, 0.6242038216560509, 0.9554140127388535, 0.910828025477707, 0.7961783439490446, 0.6114649681528662, 0.7452229299363057, 1.0, 0.42038216560509556, 0.535031847133758, 0.0, 0.7898089171974523, 0.5286624203821656, 0.49044585987261147, 0.20382165605095542, 0.5923566878980892, 0.7197452229299363, 0.4840764331210191, 0.7579617834394905, 0.22929936305732485, 0.267515923566879, 0.7643312101910829, 0.11464968152866242, 0.8789808917197452, 0.6942675159235668, 0.36942675159235666, 0.4267515923566879, 0.43312101910828027, 0.37579617834394907, 0.7006369426751592, 0.5414012738853503, 0.8152866242038217, 0.267515923566879, 0.4713375796178344, 0.7515923566878981, 0.4840764331210191, 0.3503184713375796, 0.5605095541401274, 0.6560509554140127, 0.2356687898089172, 0.3184713375796178, 0.47770700636942676, 0.9299363057324841, 0.5732484076433121, 0.5923566878980892, 0.8089171974522293, 0.7834394904458599, 0.554140127388535, 0.8662420382165605, 0.12738853503184713, 0.45222929936305734, 0.6496815286624203, 0.7452229299363057, 0.49044585987261147, 0.5668789808917197, 0.8280254777070064, 0.6050955414012739, 0.4840764331210191, 0.7452229299363057, 0.5605095541401274, 0.28662420382165604],