{"DMCTS-mean": 0.570624203821656, "OOS-10000-v4-mean": 0.429375796178344, "DMCTS": [0.7452229299363057, 0.9617834394904459, 0.4585987261146497, 0.28662420382165604, 0.2611464968152866, 0.9617834394904459, 0.7961783439490446, 0.732484076433121, 0.12101910828025478, 0.37579617834394907, 0.4968152866242038, 0.2611464968152866, 0.19745222929936307, 0.9299363057324841, 0.554140127388535, 0.4968152866242038, 0.42038216560509556, 0.4840764331210191, 0.28662420382165604, 0.7515923566878981, 0.35668789808917195, 0.3503184713375796, 0.46496815286624205, 0.8853503184713376, 0.45222929936305734, 0.7133757961783439, 0.5031847133757962, 0.8980891719745223, 0.5923566878980892, 0.7515923566878981, 0.9299363057324841, 0.40764331210191085, 0.2802547770700637, 0.7197452229299363, 0.4585987261146497, 0.821656050955414, 0.044585987261146494, 0.535031847133758, 0.5605095541401274, 0.42038216560509556, 0.9808917197452229, 0.5668789808917197, 0.49044585987261147, 0.5031847133757962, 0.5159235668789809, 0.6560509554140127, 0.6305732484076433, 0.554140127388535, 0.45222929936305734, 0.7515923566878981, 0.5796178343949044, 1.0, 0.8471337579617835, 0.5095541401273885, 0.5923566878980892, 0.5095541401273885, 0.7197452229299363, 0.45222929936305734, 0.3821656050955414, 0.3821656050955414, 0.6878980891719745, 0.7579617834394905, 0.8280254777070064, 0.4840764331210191, 0.6050955414012739, 0.9681528662420382, 0.7388535031847133, 0.5796178343949044, 0.33121019108280253, 0.47770700636942676, 0.7643312101910829, 0.9235668789808917, 0.5987261146496815, 0.34394904458598724, 0.8407643312101911, 0.49044585987261147, 0.445859872611465, 0.0, 0.7707006369426752, 0.4968152866242038, 0.33121019108280253, 0.0, 0.5095541401273885, 0.5414012738853503, 0.8726114649681529, 0.5605095541401274, 0.28662420382165604, 0.4012738853503185, 0.643312101910828, 0.7133757961783439, 0.9363057324840764, 0.3503184713375796, 0.3184713375796178, 0.7388535031847133, 0.4713375796178344, 0.42038216560509556, 0.7133757961783439, 0.4840764331210191, 0.5859872611464968, 0.4968152866242038, 0.9235668789808917, 0.6369426751592356, 0.1592356687898089, 0.5095541401273885, 0.5668789808917197, 0.4267515923566879, 0.8598726114649682, 0.42038216560509556, 0.4140127388535032, 0.535031847133758, 0.7579617834394905, 0.535031847133758, 0.7579617834394905, 0.7707006369426752, 0.3375796178343949, 0.3375796178343949, 0.8853503184713376, 0.4713375796178344, 0.7643312101910829, 0.36942675159235666, 0.7834394904458599, 0.4713375796178344, 0.8407643312101911, 0.7579617834394905, 0.0, 0.6687898089171974, 0.821656050955414, 0.643312101910828, 0.29936305732484075, 0.29936305732484075, 0.8280254777070064, 0.910828025477707, 0.9044585987261147, 0.8853503184713376, 0.6050955414012739, 0.3184713375796178, 0.5159235668789809, 0.3630573248407643, 0.4394904458598726, 0.29936305732484075, 0.6050955414012739, 0.4840764331210191, 0.910828025477707, 0.5668789808917197, 0.7133757961783439, 0.802547770700637, 0.7579617834394905, 0.27388535031847133, 0.5414012738853503, 0.49044585987261147, 0.6751592356687898, 0.5859872611464968, 0.45222929936305734, 0.6687898089171974, 0.4968152866242038, 0.34394904458598724, 0.4140127388535032, 0.7579617834394905, 0.3821656050955414, 1.0, 0.21019108280254778, 0.7579617834394905, 0.4267515923566879, 0.17834394904458598, 0.3503184713375796, 0.2356687898089172, 0.9490445859872612, 0.43312101910828027, 0.2802547770700637, 0.4140127388535032, 0.5796178343949044, 0.5732484076433121, 0.5923566878980892, 0.5605095541401274, 1.0, 0.4840764331210191, 0.6942675159235668, 0.8407643312101911, 0.8471337579617835, 0.3184713375796178, 0.6751592356687898, 0.6560509554140127, 0.5222929936305732, 0.9235668789808917, 0.910828025477707, 0.20382165605095542, 0.2802547770700637, 0.2929936305732484, 0.4713375796178344, 0.24203821656050956, 0.8471337579617835, 0.1337579617834395, 0.8407643312101911, 0.3503184713375796, 0.36942675159235666, 0.7707006369426752, 0.18471337579617833, 0.5859872611464968, 1.0, 0.7006369426751592, 0.6496815286624203, 0.3375796178343949, 0.5732484076433121, 0.43312101910828027, 0.7961783439490446, 0.6878980891719745, 0.7006369426751592, 0.39490445859872614, 0.36942675159235666, 0.5286624203821656, 0.6878980891719745, 0.4713375796178344, 0.6369426751592356, 0.4968152866242038, 0.6815286624203821, 0.45222929936305734, 0.7452229299363057, 0.8089171974522293, 0.7579617834394905, 0.732484076433121, 0.5668789808917197, 0.43312101910828027, 0.35668789808917195, 0.7961783439490446, 0.5923566878980892, 1.0, 1.0, 0.1592356687898089, 0.5286624203821656, 0.37579617834394907, 0.8535031847133758, 0.3885350318471338, 0.7643312101910829, 0.33121019108280253, 0.6242038216560509, 0.10191082802547771, 0.5987261146496815, 0.7643312101910829, 0.5286624203821656, 0.6178343949044586, 0.46496815286624205, 0.8726114649681529, 0.7006369426751592, 0.6242038216560509, 0.8280254777070064, 0.5095541401273885, 1.0, 0.3630573248407643, 0.5031847133757962, 0.445859872611465],