{"DMCTS-mean": 0.625783439490446, "OOS-100000-v3-mean": 0.3742165605095541, "DMCTS": [0.7961783439490446, 0.8535031847133758, 0.3821656050955414, 0.7961783439490446, 0.6560509554140127, 0.6878980891719745, 0.6050955414012739, 0.4968152866242038, 0.2356687898089172, 0.5859872611464968, 1.0, 0.6496815286624203, 0.445859872611465, 0.8853503184713376, 0.7834394904458599, 0.643312101910828, 0.8089171974522293, 0.4840764331210191, 0.5286624203821656, 0.9171974522292994, 0.7388535031847133, 0.4394904458598726, 0.39490445859872614, 0.821656050955414, 0.7898089171974523, 0.5605095541401274, 0.5222929936305732, 0.6496815286624203, 0.9617834394904459, 0.7643312101910829, 0.18471337579617833, 0.5286624203821656, 0.6942675159235668, 1.0, 0.9490445859872612, 0.35668789808917195, 0.5222929936305732, 0.7388535031847133, 0.7961783439490446, 0.42038216560509556, 0.732484076433121, 0.910828025477707, 1.0, 0.6305732484076433, 0.7707006369426752, 0.5414012738853503, 0.5031847133757962, 0.8089171974522293, 0.9617834394904459, 0.7006369426751592, 0.6050955414012739, 0.6496815286624203, 0.4840764331210191, 0.4840764331210191, 0.8726114649681529, 0.4012738853503185, 0.8280254777070064, 0.6114649681528662, 0.5605095541401274, 0.5732484076433121, 0.8726114649681529, 0.7452229299363057, 0.7898089171974523, 0.3375796178343949, 0.4840764331210191, 0.1337579617834395, 0.8598726114649682, 0.7388535031847133, 0.7898089171974523, 0.3184713375796178, 0.5732484076433121, 0.2929936305732484, 0.6942675159235668, 0.4968152866242038, 0.24203821656050956, 0.7898089171974523, 0.5159235668789809, 0.5796178343949044, 0.2929936305732484, 0.9808917197452229, 0.49044585987261147, 0.8598726114649682, 0.8407643312101911, 0.9044585987261147, 0.4840764331210191, 0.6305732484076433, 0.7707006369426752, 0.6942675159235668, 0.8726114649681529, 0.27388535031847133, 0.910828025477707, 0.732484076433121, 0.24203821656050956, 0.8662420382165605, 0.7643312101910829, 0.3184713375796178, 0.6878980891719745, 0.643312101910828, 0.49044585987261147, 0.6050955414012739, 0.7961783439490446, 0.6815286624203821, 0.821656050955414, 0.3248407643312102, 0.8726114649681529, 0.554140127388535, 0.24203821656050956, 0.49044585987261147, 0.6178343949044586, 0.3503184713375796, 0.35668789808917195, 0.910828025477707, 0.49044585987261147, 0.5222929936305732, 0.7707006369426752, 0.29936305732484075, 0.36942675159235666, 0.4267515923566879, 0.445859872611465, 0.6496815286624203, 0.5031847133757962, 0.5477707006369427, 0.5286624203821656, 0.5222929936305732, 0.8089171974522293], "OOS-100000-v3": [0.20382165605095542, 0.1464968152866242, 0.6178343949044586, 0.20382165605095542, 0.34394904458598724, 0.31210191082802546, 0.39490445859872614, 0.5031847133757962, 0.7643312101910829, 0.4140127388535032, 0.0, 0.3503184713375796, 0.554140127388535, 0.11464968152866242, 0.21656050955414013, 0.35668789808917195, 0.1910828025477707, 0.5159235668789809, 0.4713375796178344, 0.08280254777070063, 0.2611464968152866, 0.5605095541401274, 0.6050955414012739, 0.17834394904458598, 0.21019108280254778, 0.4394904458598726, 0.47770700636942676, 0.3503184713375796, 0.03821656050955414, 0.2356687898089172, 0.8152866242038217, 0.4713375796178344, 0.3057324840764331, 0.0, 0.050955414012738856, 0.643312101910828, 0.47770700636942676, 0.2611464968152866, 0.20382165605095542, 0.5796178343949044, 0.267515923566879, 0.08917197452229299, 0.0, 0.36942675159235666, 0.22929936305732485, 0.4585987261146497, 0.4968152866242038, 0.1910828025477707, 0.03821656050955414, 0.29936305732484075, 0.39490445859872614, 0.3503184713375796, 0.5159235668789809, 0.5159235668789809, 0.12738853503184713, 0.5987261146496815, 0.17197452229299362, 0.3885350318471338, 0.4394904458598726, 0.4267515923566879, 0.12738853503184713, 0.25477707006369427, 0.21019108280254778, 0.6624203821656051, 0.5159235668789809, 0.8662420382165605, 0.14012738853503184, 0.2611464968152866, 0.21019108280254778, 0.6815286624203821, 0.4267515923566879, 0.7070063694267515, 0.3057324840764331, 0.5031847133757962, 0.7579617834394905, 0.21019108280254778, 0.4840764331210191, 0.42038216560509556, 0.7070063694267515, 0.01910828025477707, 0.5095541401273885, 0.14012738853503184, 0.1592356687898089, 0.09554140127388536, 0.5159235668789809, 0.36942675159235666, 0.22929936305732485, 0.3057324840764331, 0.12738853503184713, 0.7261146496815286, 0.08917197452229299, 0.267515923566879, 0.7579617834394905, 0.1337579617834395, 0.2356687898089172, 0.6815286624203821, 0.31210191082802546, 0.35668789808917195, 0.5095541401273885, 0.39490445859872614, 0.20382165605095542, 0.3184713375796178, 0.17834394904458598, 0.6751592356687898, 0.12738853503184713, 0.445859872611465, 0.7579617834394905, 0.5095541401273885, 0.3821656050955414, 0.6496815286624203, 0.643312101910828, 0.08917197452229299, 0.5095541401273885, 0.47770700636942676, 0.22929936305732485, 0.7006369426751592, 0.6305732484076433, 0.5732484076433121, 0.554140127388535, 0.3503184713375796, 0.4968152866242038, 0.45222929936305734, 0.4713375796178344, 0.47770700636942676, 0.1910828025477707]}