{"DMCTS-mean": 0.5973050473266172, "OOS-1000-v3-mean": 0.4026949526733829, "DMCTS": [0.4394904458598726, 0.5477707006369427, 0.6369426751592356, 0.43312101910828027, 0.6878980891719745, 0.7961783439490446, 0.8280254777070064, 0.6687898089171974, 0.27388535031847133, 0.6815286624203821, 0.8407643312101911, 0.5732484076433121, 0.5286624203821656, 0.445859872611465, 0.7070063694267515, 0.4267515923566879, 0.554140127388535, 0.267515923566879, 0.643312101910828, 0.5222929936305732, 0.9681528662420382, 0.39490445859872614, 0.9363057324840764, 0.46496815286624205, 0.5859872611464968, 0.7898089171974523, 0.8152866242038217, 0.9617834394904459, 0.9171974522292994, 0.17834394904458598, 1.0, 1.0, 0.3630573248407643, 0.8407643312101911, 0.3057324840764331, 0.6560509554140127, 0.8343949044585988, 0.6878980891719745, 0.3248407643312102, 0.8535031847133758, 0.6242038216560509, 0.5031847133757962, 0.5286624203821656, 0.1910828025477707, 1.0, 0.5605095541401274, 0.6560509554140127, 0.3821656050955414, 0.8980891719745223, 0.535031847133758, 0.7452229299363057, 0.6815286624203821, 0.89171974522293, 0.7707006369426752, 0.8089171974522293, 0.7579617834394905, 0.7707006369426752, 1.0, 0.4267515923566879, 0.5477707006369427, 0.4840764331210191, 0.7834394904458599, 0.5031847133757962, 0.445859872611465, 0.5031847133757962, 0.03821656050955414, 0.4012738853503185, 0.4840764331210191, 0.6369426751592356, 0.5095541401273885, 0.7707006369426752, 0.7770700636942676, 0.39490445859872614, 0.7388535031847133, 0.4713375796178344, 0.643312101910828, 0.6305732484076433, 0.5923566878980892, 0.6242038216560509, 0.732484076433121, 0.47770700636942676, 0.8407643312101911, 0.9426751592356688, 0.6751592356687898, 0.6050955414012739, 0.5222929936305732, 0.35668789808917195, 0.802547770700637, 0.8980891719745223, 0.802547770700637, 0.4394904458598726, 0.3057324840764331, 0.1910828025477707, 0.6687898089171974, 0.37579617834394907, 0.5987261146496815, 0.7898089171974523, 0.4267515923566879, 0.49044585987261147, 0.8980891719745223, 0.42038216560509556, 0.6114649681528662, 0.7006369426751592, 0.7834394904458599, 0.3184713375796178, 0.49044585987261147, 0.3057324840764331, 0.5796178343949044, 0.8598726114649682, 0.17834394904458598, 0.4713375796178344, 0.43312101910828027, 0.46496815286624205, 0.732484076433121, 0.17834394904458598, 0.6114649681528662, 0.5605095541401274, 0.47770700636942676, 0.2929936305732484, 0.35668789808917195, 0.6815286624203821, 1.0, 0.08917197452229299, 0.5605095541401274, 0.40764331210191085, 0.7898089171974523, 0.4140127388535032, 0.7261146496815286, 0.31210191082802546, 0.8535031847133758, 0.6050955414012739, 0.3821656050955414, 0.7898089171974523, 0.7388535031847133, 0.7579617834394905, 0.3821656050955414, 0.9681528662420382, 0.6751592356687898, 0.46496815286624205, 0.5732484076433121, 0.6305732484076433, 0.6242038216560509, 0.3630573248407643, 0.8853503184713376, 0.7006369426751592, 0.5859872611464968, 0.9681528662420382, 0.3821656050955414, 0.3184713375796178, 0.47770700636942676, 0.3630573248407643, 0.3885350318471338, 0.3821656050955414, 0.6496815286624203, 0.5668789808917197, 0.40764331210191085, 0.7643312101910829, 0.7707006369426752, 0.43312101910828027, 0.8853503184713376, 0.643312101910828, 0.89171974522293, 0.7070063694267515, 0.29936305732484075, 0.9681528662420382, 0.6560509554140127, 0.7643312101910829, 0.7898089171974523, 0.47770700636942676, 0.6114649681528662, 0.5477707006369427, 0.47770700636942676, 0.4840764331210191, 0.9171974522292994, 0.7898089171974523, 0.6496815286624203, 0.5732484076433121, 0.8152866242038217, 0.2356687898089172, 0.5668789808917197, 0.5923566878980892, 0.6751592356687898, 0.4394904458598726, 0.43312101910828027, 0.7070063694267515, 0.8471337579617835, 0.5605095541401274, 0.43312101910828027, 0.6496815286624203, 0.7261146496815286, 0.6050955414012739, 0.5477707006369427, 0.643312101910828, 0.39490445859872614, 0.802547770700637, 0.3375796178343949, 0.9554140127388535, 0.7133757961783439, 0.2929936305732484, 0.5668789808917197, 0.5477707006369427, 0.6050955414012739, 0.6878980891719745, 0.47770700636942676, 0.4585987261146497, 0.4140127388535032, 1.0, 0.45222929936305734, 0.4840764331210191, 0.39490445859872614, 0.07643312101910828, 0.9171974522292994, 0.5796178343949044, 0.5859872611464968, 0.6305732484076433, 0.4713375796178344, 0.821656050955414, 0.5095541401273885, 0.7070063694267515, 0.25477707006369427, 0.821656050955414, 0.5286624203821656, 0.5668789808917197, 0.5859872611464968, 1.0, 0.6624203821656051, 0.4840764331210191, 0.5605095541401274, 0.5095541401273885, 0.6815286624203821, 0.910828025477707, 0.5732484076433121, 0.6751592356687898, 0.5159235668789809, 0.4713375796178344, 0.7961783439490446, 0.3821656050955414, 0.267515923566879, 0.6305732484076433, 0.08917197452229299, 0.34394904458598724, 0.7643312101910829, 0.8089171974522293, 0.89171974522293, 0.9554140127388535, 0.34394904458598724, 0.43312101910828027, 0.4267515923566879, 0.4585987261146497, 0.7452229299363057, 0.6878980891719745],