{"DMCTS-mean": 0.5780174759146048, "OOS-100000-mean": 0.42198252408539516, "DMCTS": [0.9363057324840764, 0.8853503184713376, 0.37579617834394907, 0.6114649681528662, 0.36942675159235666, 0.6369426751592356, 0.5286624203821656, 0.5222929936305732, 0.3375796178343949, 0.8343949044585988, 0.7643312101910829, 0.7643312101910829, 0.7388535031847133, 0.21019108280254778, 0.821656050955414, 0.802547770700637, 0.8407643312101911, 0.28662420382165604, 0.6687898089171974, 0.2484076433121019, 0.5796178343949044, 0.7133757961783439, 0.7707006369426752, 0.6305732484076433, 0.5732484076433121, 0.4012738853503185, 0.3885350318471338, 0.6178343949044586, 0.5031847133757962, 0.6815286624203821, 0.8471337579617835, 0.3375796178343949, 0.4968152866242038, 0.47770700636942676, 0.8089171974522293, 0.6878980891719745, 0.5732484076433121, 0.8343949044585988, 0.3057324840764331, 0.5859872611464968, 0.45222929936305734, 0.5668789808917197, 0.4585987261146497, 0.5095541401273885, 0.3885350318471338, 0.8535031847133758, 0.2929936305732484, 0.6050955414012739, 0.7261146496815286, 0.535031847133758, 0.3503184713375796, 0.643312101910828, 0.22929936305732485, 0.5159235668789809, 0.7643312101910829, 0.8280254777070064, 0.7133757961783439, 0.46496815286624205, 0.7515923566878981, 0.5796178343949044, 0.7197452229299363, 0.3375796178343949, 0.6624203821656051, 0.910828025477707, 0.8343949044585988, 0.2611464968152866, 0.6560509554140127, 0.2484076433121019, 0.42038216560509556, 0.5414012738853503, 0.4713375796178344, 0.45222929936305734, 0.40764331210191085, 0.5605095541401274, 0.7388535031847133, 0.2929936305732484, 0.5923566878980892, 0.2229299363057325, 0.3503184713375796, 0.3503184713375796, 0.03184713375796178, 0.7452229299363057, 0.7261146496815286, 0.445859872611465, 0.3630573248407643, 0.8089171974522293, 0.6178343949044586, 0.732484076433121, 0.27388535031847133, 1.0, 0.6178343949044586, 0.4267515923566879, 0.6560509554140127, 0.49044585987261147, 0.47770700636942676, 0.5222929936305732, 0.1592356687898089, 0.6496815286624203, 0.7643312101910829, 0.6114649681528662, 0.8789808917197452, 0.35668789808917195, 0.6751592356687898, 0.7643312101910829, 0.89171974522293, 0.7898089171974523, 0.6751592356687898, 0.732484076433121, 0.7133757961783439, 0.40764331210191085, 0.9171974522292994, 0.5987261146496815, 0.7770700636942676, 0.28662420382165604, 0.29936305732484075, 0.6751592356687898, 0.9044585987261147, 0.35668789808917195, 0.6942675159235668, 0.08917197452229299, 0.8980891719745223, 0.5286624203821656, 0.7133757961783439, 0.4394904458598726, 0.5159235668789809, 0.6942675159235668, 0.821656050955414, 0.4012738853503185, 0.5222929936305732, 0.7643312101910829, 0.6114649681528662, 0.3057324840764331, 0.7515923566878981, 0.8343949044585988, 0.9363057324840764, 0.6369426751592356, 1.0, 0.24203821656050956, 0.3821656050955414, 0.7006369426751592, 0.7961783439490446, 0.445859872611465, 0.4713375796178344, 0.3885350318471338, 0.28662420382165604, 0.044585987261146494, 0.49044585987261147, 0.5923566878980892, 1.0, 0.40764331210191085, 0.732484076433121, 0.5477707006369427, 0.445859872611465, 0.4968152866242038, 0.18471337579617833, 0.5286624203821656, 0.01910828025477707, 0.45222929936305734, 0.4012738853503185, 0.43312101910828027, 0.6114649681528662, 0.4012738853503185, 0.89171974522293, 0.7579617834394905, 0.5031847133757962, 0.6242038216560509, 0.4012738853503185, 0.6624203821656051, 0.4140127388535032, 0.8598726114649682, 0.8343949044585988, 0.47770700636942676, 0.4713375796178344, 0.49044585987261147, 0.5923566878980892, 0.3375796178343949, 0.7261146496815286, 0.34394904458598724, 0.5732484076433121, 0.6560509554140127, 0.45222929936305734, 0.7515923566878981, 0.6369426751592356, 0.2484076433121019, 0.5668789808917197, 0.45222929936305734, 0.7579617834394905, 0.7515923566878981, 0.5668789808917197, 0.9681528662420382, 0.6560509554140127, 0.6242038216560509, 0.9745222929936306, 0.42038216560509556, 0.8089171974522293, 0.2611464968152866, 1.0, 0.8407643312101911, 0.9235668789808917],