{"DMCTS-mean": 0.5789554140127388, "OOS-100000-v3-mean": 0.4210445859872612, "DMCTS": [0.40764331210191085, 0.5477707006369427, 0.8280254777070064, 0.16560509554140126, 0.08280254777070063, 0.42038216560509556, 0.29936305732484075, 0.6496815286624203, 0.3821656050955414, 0.6878980891719745, 0.9681528662420382, 0.9044585987261147, 0.6496815286624203, 0.9235668789808917, 0.8471337579617835, 0.7006369426751592, 0.910828025477707, 0.5286624203821656, 0.6687898089171974, 0.5414012738853503, 0.9171974522292994, 0.6114649681528662, 0.14012738853503184, 0.7707006369426752, 0.45222929936305734, 0.40764331210191085, 0.7197452229299363, 0.39490445859872614, 0.3057324840764331, 0.535031847133758, 0.6305732484076433, 0.28662420382165604, 0.5923566878980892, 0.8343949044585988, 0.3057324840764331, 0.9299363057324841, 0.24203821656050956, 0.25477707006369427, 0.8407643312101911, 0.7579617834394905, 0.6560509554140127, 0.8471337579617835, 0.6560509554140127, 0.7707006369426752, 0.35668789808917195, 0.5286624203821656, 0.5923566878980892, 0.5031847133757962, 0.4394904458598726, 0.4968152866242038, 0.7643312101910829, 0.8280254777070064, 0.27388535031847133, 0.1592356687898089, 0.5159235668789809, 0.5923566878980892, 0.2929936305732484, 0.6624203821656051, 0.8662420382165605, 0.40764331210191085, 0.6560509554140127, 0.5859872611464968, 0.5159235668789809, 0.2611464968152866, 0.5031847133757962, 0.445859872611465, 0.6560509554140127, 0.8280254777070064, 0.5031847133757962, 0.21019108280254778, 0.35668789808917195, 0.4713375796178344, 0.6624203821656051, 0.821656050955414, 0.5414012738853503, 0.821656050955414, 0.37579617834394907, 1.0, 0.5923566878980892, 0.8407643312101911, 0.89171974522293, 0.2802547770700637, 0.45222929936305734, 0.8089171974522293, 0.4140127388535032, 0.10191082802547771, 0.8662420382165605, 0.554140127388535, 0.40764331210191085, 0.4394904458598726, 0.49044585987261147, 0.4140127388535032, 0.4585987261146497, 0.4968152866242038, 0.4140127388535032, 0.4840764331210191, 0.28662420382165604, 0.7070063694267515, 0.5414012738853503, 0.8980891719745223, 0.6687898089171974, 1.0, 0.7898089171974523, 0.7834394904458599, 0.732484076433121, 0.4968152866242038, 0.45222929936305734, 0.554140127388535, 0.31210191082802546, 0.643312101910828, 0.6751592356687898, 0.33121019108280253, 0.8598726114649682, 0.6305732484076433, 0.4394904458598726, 0.732484076433121, 0.2802547770700637, 0.6624203821656051, 0.7707006369426752, 0.8089171974522293, 0.4840764331210191, 0.9299363057324841, 0.6815286624203821, 0.7452229299363057, 0.5923566878980892], "OOS-100000-v3": [0.5923566878980892, 0.45222929936305734, 0.17197452229299362, 0.8343949044585988, 0.9171974522292994, 0.5796178343949044, 0.7006369426751592, 0.3503184713375796, 0.6178343949044586, 0.31210191082802546, 0.03184713375796178, 0.09554140127388536, 0.3503184713375796, 0.07643312101910828, 0.15286624203821655, 0.29936305732484075, 0.08917197452229299, 0.4713375796178344, 0.33121019108280253, 0.4585987261146497, 0.08280254777070063, 0.3885350318471338, 0.8598726114649682, 0.22929936305732485, 0.5477707006369427, 0.5923566878980892, 0.2802547770700637, 0.6050955414012739, 0.6942675159235668, 0.46496815286624205, 0.36942675159235666, 0.7133757961783439, 0.40764331210191085, 0.16560509554140126, 0.6942675159235668, 0.07006369426751592, 0.7579617834394905, 0.7452229299363057, 0.1592356687898089, 0.24203821656050956, 0.34394904458598724, 0.15286624203821655, 0.34394904458598724, 0.22929936305732485, 0.643312101910828, 0.4713375796178344, 0.40764331210191085, 0.4968152866242038, 0.5605095541401274, 0.5031847133757962, 0.2356687898089172, 0.17197452229299362, 0.7261146496815286, 0.8407643312101911, 0.4840764331210191, 0.40764331210191085, 0.7070063694267515, 0.3375796178343949, 0.1337579617834395, 0.5923566878980892, 0.34394904458598724, 0.4140127388535032, 0.4840764331210191, 0.7388535031847133, 0.4968152866242038, 0.554140127388535, 0.34394904458598724, 0.17197452229299362, 0.4968152866242038, 0.7898089171974523, 0.643312101910828, 0.5286624203821656, 0.3375796178343949, 0.17834394904458598, 0.4585987261146497, 0.17834394904458598, 0.6242038216560509, 0.0, 0.40764331210191085, 0.1592356687898089, 0.10828025477707007, 0.7197452229299363, 0.5477707006369427, 0.1910828025477707, 0.5859872611464968, 0.8980891719745223, 0.1337579617834395, 0.445859872611465, 0.5923566878980892, 0.5605095541401274, 0.5095541401273885, 0.5859872611464968, 0.5414012738853503, 0.5031847133757962, 0.5859872611464968, 0.5159235668789809, 0.7133757961783439, 0.2929936305732484, 0.4585987261146497, 0.10191082802547771, 0.33121019108280253, 0.0, 0.21019108280254778, 0.21656050955414013, 0.267515923566879, 0.5031847133757962, 0.5477707006369427, 0.445859872611465, 0.6878980891719745, 0.35668789808917195, 0.3248407643312102, 0.6687898089171974, 0.14012738853503184, 0.36942675159235666, 0.5605095541401274, 0.267515923566879, 0.7197452229299363, 0.3375796178343949, 0.22929936305732485, 0.1910828025477707, 0.5159235668789809, 0.07006369426751592, 0.3184713375796178, 0.25477707006369427, 0.40764331210191085]}