{"DMCTS-mean": 0.7049762732509453, "OOS-10-mean": 0.2950237267490547, "DMCTS": [0.8980891719745223, 0.6178343949044586, 0.5477707006369427, 0.7070063694267515, 0.9617834394904459, 0.4012738853503185, 1.0, 0.8407643312101911, 0.6178343949044586, 0.6751592356687898, 1.0, 0.7579617834394905, 0.8471337579617835, 0.7515923566878981, 0.8662420382165605, 0.8280254777070064, 0.7133757961783439, 0.29936305732484075, 0.8980891719745223, 0.9171974522292994, 0.49044585987261147, 0.267515923566879, 0.643312101910828, 0.9872611464968153, 0.36942675159235666, 0.4394904458598726, 0.8789808917197452, 0.7961783439490446, 0.7643312101910829, 0.4840764331210191, 1.0, 0.6815286624203821, 0.9363057324840764, 0.7197452229299363, 0.7579617834394905, 0.554140127388535, 1.0, 0.5987261146496815, 0.7707006369426752, 0.7707006369426752, 0.6114649681528662, 0.25477707006369427, 0.3885350318471338, 0.6114649681528662, 0.42038216560509556, 0.8598726114649682, 0.7707006369426752, 0.910828025477707, 0.5605095541401274, 0.5414012738853503, 0.8662420382165605, 0.22929936305732485, 0.6178343949044586, 0.8662420382165605, 0.7579617834394905, 1.0, 1.0, 0.9363057324840764, 0.9235668789808917, 0.8343949044585988, 0.46496815286624205, 0.802547770700637, 0.37579617834394907, 0.6560509554140127, 0.8152866242038217, 0.19745222929936307, 0.43312101910828027, 0.5605095541401274, 0.5031847133757962, 0.8598726114649682, 0.910828025477707, 0.5668789808917197, 0.7388535031847133, 0.8535031847133758, 0.643312101910828, 0.5477707006369427, 0.4267515923566879, 0.6305732484076433, 0.29936305732484075, 0.7770700636942676, 0.5605095541401274, 0.22929936305732485, 1.0, 0.42038216560509556, 0.6942675159235668, 0.7834394904458599, 0.8535031847133758, 1.0, 0.821656050955414, 1.0, 0.9235668789808917, 0.5668789808917197, 0.910828025477707, 0.910828025477707, 0.4968152866242038, 0.6369426751592356, 1.0, 0.7834394904458599, 0.9808917197452229, 0.4840764331210191, 0.37579617834394907, 0.6878980891719745, 0.43312101910828027, 0.40764331210191085, 0.6942675159235668, 1.0, 0.6560509554140127, 0.5668789808917197, 0.5605095541401274, 0.8662420382165605, 0.8343949044585988, 0.4713375796178344, 0.535031847133758, 0.9617834394904459, 0.3375796178343949, 0.8853503184713376, 0.7261146496815286, 0.7515923566878981, 0.5732484076433121, 0.7961783439490446, 0.7452229299363057, 0.4968152866242038, 0.7770700636942676, 0.6560509554140127, 0.8662420382165605, 0.732484076433121, 0.6369426751592356, 0.6242038216560509, 0.9872611464968153, 0.7834394904458599, 0.6178343949044586, 0.445859872611465, 0.9681528662420382, 0.9363057324840764, 0.5286624203821656, 0.9554140127388535, 0.6178343949044586, 0.7133757961783439, 0.46496815286624205, 0.7515923566878981, 0.4585987261146497, 0.6624203821656051, 1.0, 0.3057324840764331, 0.9363057324840764, 0.5732484076433121, 0.8789808917197452, 0.6305732484076433, 0.5987261146496815, 1.0, 0.8343949044585988, 0.8598726114649682, 0.6815286624203821, 0.9299363057324841, 1.0, 0.7006369426751592, 0.07643312101910828, 0.732484076433121, 0.2611464968152866, 0.9299363057324841, 0.8343949044585988, 0.5159235668789809, 0.8407643312101911, 0.6050955414012739, 1.0, 0.821656050955414, 0.9617834394904459, 0.7579617834394905, 0.6942675159235668, 0.6815286624203821, 0.643312101910828, 0.5477707006369427, 0.7579617834394905, 0.9426751592356688, 0.7261146496815286, 0.4968152866242038, 0.8407643312101911, 0.6942675159235668, 0.7898089171974523, 0.49044585987261147, 0.8152866242038217, 0.8662420382165605, 0.7006369426751592, 0.7770700636942676, 0.554140127388535, 0.7452229299363057, 0.9044585987261147, 0.6050955414012739, 0.802547770700637, 0.6942675159235668, 0.7770700636942676, 0.7133757961783439, 0.6942675159235668, 0.8598726114649682, 0.5732484076433121, 0.802547770700637, 0.8853503184713376, 1.0, 0.49044585987261147, 0.7388535031847133, 0.6751592356687898, 0.6305732484076433, 0.8471337579617835, 0.5159235668789809, 0.8662420382165605, 0.8152866242038217, 0.7643312101910829, 0.8980891719745223, 0.4713375796178344, 0.5159235668789809, 0.46496815286624205, 0.8598726114649682, 0.43312101910828027, 0.6114649681528662, 0.89171974522293, 0.9235668789808917, 0.8407643312101911, 1.0, 0.9171974522292994, 0.6815286624203821, 0.0, 0.3057324840764331, 0.9235668789808917, 0.3503184713375796, 0.6942675159235668, 0.7197452229299363, 0.7133757961783439, 0.910828025477707, 0.42038216560509556, 0.6878980891719745, 0.5286624203821656, 0.9872611464968153, 0.8471337579617835, 0.8598726114649682, 0.910828025477707, 0.7006369426751592, 0.8089171974522293, 0.6050955414012739, 0.9171974522292994, 0.8280254777070064, 0.4012738853503185, 0.7579617834394905, 0.8471337579617835, 0.7006369426751592, 0.5987261146496815, 0.5286624203821656, 0.910828025477707, 0.36942675159235666, 0.7515923566878981, 0.8789808917197452, 0.5987261146496815],