{"DMCTS-mean": 0.48726114649681523, "MCTS-400-mean": 0.5127388535031847, "DMCTS": [0.6942675159235668, 0.5477707006369427, 0.821656050955414, 0.7006369426751592, 0.5222929936305732, 0.31210191082802546, 0.5159235668789809, 0.2229299363057325, 0.36942675159235666, 0.0, 0.49044585987261147, 0.7070063694267515, 0.7707006369426752, 0.2611464968152866, 0.5923566878980892, 0.3885350318471338, 0.10191082802547771, 0.33121019108280253, 0.4713375796178344, 0.2611464968152866, 0.49044585987261147, 0.8471337579617835, 0.5031847133757962, 0.3503184713375796, 0.4968152866242038, 0.07643312101910828, 0.732484076433121, 0.1464968152866242, 0.49044585987261147, 0.07643312101910828, 0.43312101910828027, 0.2611464968152866, 0.89171974522293, 0.6624203821656051, 0.0, 0.7452229299363057, 0.5732484076433121, 0.0, 0.45222929936305734, 0.27388535031847133, 0.5859872611464968, 0.28662420382165604, 0.29936305732484075, 0.15286624203821655, 0.7133757961783439, 0.7070063694267515, 0.025477707006369428, 0.3503184713375796, 0.7643312101910829, 0.4840764331210191, 0.5095541401273885, 0.9044585987261147, 0.9044585987261147, 0.18471337579617833, 0.7579617834394905, 0.4267515923566879, 0.5796178343949044, 0.17834394904458598, 0.3057324840764331, 0.3630573248407643, 0.22929936305732485, 0.7898089171974523, 0.6114649681528662, 0.6114649681528662, 0.7515923566878981, 0.17834394904458598, 0.6815286624203821, 0.0, 0.06369426751592357, 1.0, 0.5159235668789809, 0.9681528662420382, 0.03821656050955414, 0.42038216560509556, 0.732484076433121, 0.5987261146496815, 0.8280254777070064, 0.3057324840764331, 0.0, 0.6369426751592356, 0.6560509554140127, 0.9171974522292994, 0.3057324840764331, 0.9299363057324841, 0.6624203821656051, 0.6687898089171974, 0.5796178343949044, 0.3885350318471338, 0.17197452229299362, 0.39490445859872614, 0.8853503184713376, 0.4394904458598726, 0.2229299363057325, 0.5605095541401274, 0.9299363057324841, 0.6305732484076433, 0.267515923566879, 0.9044585987261147, 0.2229299363057325, 0.4140127388535032, 0.7898089171974523, 0.7898089171974523, 0.5605095541401274, 0.7261146496815286, 0.5159235668789809, 0.08280254777070063, 0.7643312101910829, 0.6624203821656051, 0.2611464968152866, 0.6242038216560509, 0.6687898089171974, 0.5222929936305732, 0.8980891719745223, 0.8343949044585988, 0.6878980891719745, 0.7070063694267515, 0.554140127388535, 0.1592356687898089, 0.1464968152866242, 0.3503184713375796, 0.28662420382165604, 0.5732484076433121, 0.5222929936305732, 0.5796178343949044, 0.3184713375796178, 0.0, 0.24203821656050956, 0.9554140127388535, 0.0, 0.37579617834394907], "MCTS-400": [0.3057324840764331, 0.45222929936305734, 0.17834394904458598, 0.29936305732484075, 0.47770700636942676, 0.6878980891719745, 0.4840764331210191, 0.7770700636942676, 0.6305732484076433, 1.0, 0.5095541401273885, 0.2929936305732484, 0.22929936305732485, 0.7388535031847133, 0.40764331210191085, 0.6114649681528662, 0.8980891719745223, 0.6687898089171974, 0.5286624203821656, 0.7388535031847133, 0.5095541401273885, 0.15286624203821655, 0.4968152866242038, 0.6496815286624203, 0.5031847133757962, 0.9235668789808917, 0.267515923566879, 0.8535031847133758, 0.5095541401273885, 0.9235668789808917, 0.5668789808917197, 0.7388535031847133, 0.10828025477707007, 0.3375796178343949, 1.0, 0.25477707006369427, 0.4267515923566879, 1.0, 0.5477707006369427, 0.7261146496815286, 0.4140127388535032, 0.7133757961783439, 0.7006369426751592, 0.8471337579617835, 0.28662420382165604, 0.2929936305732484, 0.9745222929936306, 0.6496815286624203, 0.2356687898089172, 0.5159235668789809, 0.49044585987261147, 0.09554140127388536, 0.09554140127388536, 0.8152866242038217, 0.24203821656050956, 0.5732484076433121, 0.42038216560509556, 0.821656050955414, 0.6942675159235668, 0.6369426751592356, 0.7707006369426752, 0.21019108280254778, 0.3885350318471338, 0.3885350318471338, 0.2484076433121019, 0.821656050955414, 0.3184713375796178, 1.0, 0.9363057324840764, 0.0, 0.4840764331210191, 0.03184713375796178, 0.9617834394904459, 0.5796178343949044, 0.267515923566879, 0.4012738853503185, 0.17197452229299362, 0.6942675159235668, 1.0, 0.3630573248407643, 0.34394904458598724, 0.08280254777070063, 0.6942675159235668, 0.07006369426751592, 0.3375796178343949, 0.33121019108280253, 0.42038216560509556, 0.6114649681528662, 0.8280254777070064, 0.6050955414012739, 0.11464968152866242, 0.5605095541401274, 0.7770700636942676, 0.4394904458598726, 0.07006369426751592, 0.36942675159235666, 0.732484076433121, 0.09554140127388536, 0.7770700636942676, 0.5859872611464968, 0.21019108280254778, 0.21019108280254778, 0.4394904458598726, 0.27388535031847133, 0.4840764331210191, 0.9171974522292994, 0.2356687898089172, 0.3375796178343949, 0.7388535031847133, 0.37579617834394907, 0.33121019108280253, 0.47770700636942676, 0.10191082802547771, 0.16560509554140126, 0.31210191082802546, 0.2929936305732484, 0.445859872611465, 0.8407643312101911, 0.8535031847133758, 0.6496815286624203, 0.7133757961783439, 0.4267515923566879, 0.47770700636942676, 0.42038216560509556, 0.6815286624203821, 1.0, 0.7579617834394905, 0.044585987261146494, 1.0, 0.6242038216560509]}