{"Policy-S-mean": 0.4284501061571126, "MCTS-20-mean": 0.5715498938428875, "Policy-S": [0.7388535031847133, 0.8152866242038217, 0.8407643312101911, 0.2611464968152866, 0.0, 0.8789808917197452, 0.7770700636942676, 0.5095541401273885, 0.15286624203821655, 0.0, 0.267515923566879, 0.10828025477707007, 0.4267515923566879, 0.40764331210191085, 0.24203821656050956], "MCTS-20": [0.2611464968152866, 0.18471337579617833, 0.1592356687898089, 0.7388535031847133, 1.0, 0.12101910828025478, 0.2229299363057325, 0.49044585987261147, 0.8471337579617835, 1.0, 0.732484076433121, 0.89171974522293, 0.5732484076433121, 0.5923566878980892, 0.7579617834394905]}