{"DMCTS-mean": 0.7388535031847133, "OOS-10000-v8-mean": 0.2611464968152866, "DMCTS": [0.7388535031847133], "OOS-10000-v8": [0.2611464968152866]}