{"DMCTS-mean": 0.6273885350318471, "OOS-1000-v8-mean": 0.3726114649681529, "DMCTS": [0.5159235668789809, 0.7388535031847133], "OOS-1000-v8": [0.4840764331210191, 0.2611464968152866]}