{"DMCTS-mean": 0.6954649681528663, "OOS-10-mean": 0.3045350318471337, "DMCTS": [0.732484076433121, 0.6114649681528662, 0.8280254777070064, 0.6687898089171974, 0.5286624203821656, 0.4267515923566879, 0.34394904458598724, 0.9872611464968153, 0.6942675159235668, 0.5605095541401274, 0.554140127388535, 0.7133757961783439, 0.6942675159235668, 0.910828025477707, 0.7961783439490446, 0.4968152866242038, 0.8343949044585988, 0.43312101910828027, 0.6114649681528662, 0.8280254777070064, 0.821656050955414, 0.4713375796178344, 0.8089171974522293, 0.4968152866242038, 0.7961783439490446, 1.0, 0.802547770700637, 0.8598726114649682, 0.5031847133757962, 0.5286624203821656, 1.0, 0.802547770700637, 0.8535031847133758, 0.5796178343949044, 0.6242038216560509, 0.6496815286624203, 0.9617834394904459, 1.0, 0.7579617834394905, 0.6305732484076433, 0.6242038216560509, 0.2356687898089172, 1.0, 0.9681528662420382, 0.7961783439490446, 0.5477707006369427, 0.29936305732484075, 1.0, 0.9363057324840764, 0.6369426751592356, 0.20382165605095542, 0.7452229299363057, 0.5095541401273885, 0.8598726114649682, 1.0, 1.0, 0.7898089171974523, 1.0, 0.7452229299363057, 0.89171974522293, 0.9171974522292994, 0.89171974522293, 0.8789808917197452, 0.5159235668789809, 0.5477707006369427, 0.821656050955414, 0.5605095541401274, 0.2611464968152866, 1.0, 0.7515923566878981, 0.4840764331210191, 0.910828025477707, 1.0, 1.0, 0.6942675159235668, 0.8726114649681529, 0.8980891719745223, 0.6496815286624203, 0.7643312101910829, 0.910828025477707, 0.7515923566878981, 0.7643312101910829, 0.7133757961783439, 0.8789808917197452, 0.6178343949044586, 0.2356687898089172, 0.45222929936305734, 0.6751592356687898, 0.6560509554140127, 0.8089171974522293, 0.4968152866242038, 1.0, 0.6878980891719745, 0.6624203821656051, 0.643312101910828, 0.7133757961783439, 1.0, 0.821656050955414, 0.7898089171974523, 0.8152866242038217, 0.6496815286624203, 0.7834394904458599, 0.7770700636942676, 0.43312101910828027, 0.5668789808917197, 0.6751592356687898, 0.802547770700637, 0.8535031847133758, 0.6815286624203821, 0.47770700636942676, 0.6369426751592356, 0.7579617834394905, 0.5222929936305732, 0.7261146496815286, 0.9872611464968153, 0.8726114649681529, 0.89171974522293, 0.9044585987261147, 0.8152866242038217, 0.7770700636942676, 0.6305732484076433, 0.35668789808917195, 0.5668789808917197, 0.46496815286624205, 0.09554140127388536, 0.910828025477707, 0.6878980891719745, 0.4394904458598726, 0.40764331210191085, 0.5732484076433121, 0.821656050955414, 1.0, 0.8980891719745223, 0.5668789808917197, 0.5095541401273885, 0.643312101910828, 0.9681528662420382, 1.0, 0.5987261146496815, 0.643312101910828, 0.34394904458598724, 0.19745222929936307, 0.6496815286624203, 0.8598726114649682, 0.6942675159235668, 0.5732484076433121, 0.9554140127388535, 0.49044585987261147, 0.4713375796178344, 0.8535031847133758, 0.5923566878980892, 0.8853503184713376, 0.732484076433121, 0.9363057324840764, 1.0, 0.535031847133758, 0.9808917197452229, 0.7515923566878981, 0.5859872611464968, 0.45222929936305734, 0.5605095541401274, 0.7452229299363057, 0.5987261146496815, 0.7707006369426752, 0.7006369426751592, 0.8598726114649682, 0.5859872611464968, 0.9299363057324841, 1.0, 1.0, 0.7133757961783439, 0.6178343949044586, 0.40764331210191085, 0.8471337579617835, 0.9426751592356688, 1.0, 0.4840764331210191, 0.33121019108280253, 0.8980891719745223, 0.6942675159235668, 0.34394904458598724, 0.1910828025477707, 0.25477707006369427, 0.6751592356687898, 0.35668789808917195, 0.7197452229299363, 0.6815286624203821, 0.7707006369426752, 0.7834394904458599, 0.4012738853503185, 0.5796178343949044, 0.6751592356687898, 0.6050955414012739, 0.3885350318471338, 0.8280254777070064, 0.8535031847133758, 1.0, 0.7133757961783439, 0.8535031847133758, 0.7898089171974523, 0.24203821656050956, 0.5222929936305732, 0.6369426751592356, 0.7707006369426752, 0.7515923566878981, 0.6178343949044586, 0.9745222929936306, 0.7261146496815286, 0.7006369426751592, 0.802547770700637, 0.9171974522292994, 1.0, 0.535031847133758, 0.554140127388535, 0.5414012738853503, 0.7579617834394905, 0.8662420382165605, 0.9554140127388535, 0.28662420382165604, 0.9554140127388535, 0.36942675159235666, 0.9044585987261147, 0.445859872611465, 0.535031847133758, 0.6815286624203821, 0.9617834394904459, 0.49044585987261147, 0.5859872611464968, 0.5414012738853503, 0.1910828025477707, 0.8152866242038217, 0.7197452229299363, 0.5286624203821656, 0.9044585987261147, 0.6815286624203821, 0.6687898089171974, 0.8152866242038217, 0.6496815286624203, 0.5159235668789809, 1.0, 0.6815286624203821, 0.5732484076433121, 0.45222929936305734, 0.47770700636942676, 0.7898089171974523, 0.8535031847133758, 0.8089171974522293, 0.3885350318471338, 0.6369426751592356, 0.5031847133757962],