{"DMCTS-mean": 0.648, "OOS-100-v2-mean": 0.352, "DMCTS": [0.4394904458598726, 0.40764331210191085, 0.8407643312101911, 0.802547770700637, 0.4394904458598726, 0.3248407643312102, 0.4394904458598726, 0.2929936305732484, 0.4267515923566879, 0.17834394904458598, 0.1337579617834395, 0.9363057324840764, 0.7707006369426752, 0.7388535031847133, 0.3184713375796178, 0.3184713375796178, 0.8407643312101911, 0.7515923566878981, 1.0, 0.7579617834394905, 0.6751592356687898, 0.5732484076433121, 0.40764331210191085, 0.7579617834394905, 0.5796178343949044, 0.4140127388535032, 0.7643312101910829, 0.5859872611464968, 0.910828025477707, 0.6305732484076433, 0.21019108280254778, 0.6178343949044586, 0.9617834394904459, 0.9044585987261147, 0.5286624203821656, 0.7133757961783439, 0.89171974522293, 0.6815286624203821, 0.9745222929936306, 0.7006369426751592, 0.4140127388535032, 0.535031847133758, 0.19745222929936307, 0.9808917197452229, 0.5923566878980892, 0.47770700636942676, 0.8980891719745223, 0.43312101910828027, 0.3503184713375796, 0.4394904458598726, 0.6305732484076433, 0.7707006369426752, 0.6305732484076433, 0.9554140127388535, 0.5031847133757962, 0.42038216560509556, 0.42038216560509556, 0.2929936305732484, 0.5477707006369427, 1.0, 0.28662420382165604, 0.6305732484076433, 0.8789808917197452, 0.31210191082802546, 0.7770700636942676, 0.6624203821656051, 0.7452229299363057, 0.8152866242038217, 1.0, 0.9808917197452229, 0.8662420382165605, 1.0, 0.6305732484076433, 0.7197452229299363, 0.445859872611465, 0.7579617834394905, 0.6114649681528662, 0.6751592356687898, 0.39490445859872614, 0.49044585987261147, 0.4394904458598726, 0.37579617834394907, 0.7515923566878981, 0.8535031847133758, 0.8726114649681529, 0.3184713375796178, 0.6305732484076433, 0.5796178343949044, 0.8407643312101911, 0.9745222929936306, 0.9617834394904459, 0.45222929936305734, 0.35668789808917195, 0.7070063694267515, 0.7898089171974523, 0.6815286624203821, 0.4968152866242038, 0.7388535031847133, 0.4012738853503185, 0.8598726114649682, 0.89171974522293, 0.6942675159235668, 0.6114649681528662, 0.5668789808917197, 0.5605095541401274, 0.5031847133757962, 0.49044585987261147, 0.8789808917197452, 0.27388535031847133, 1.0, 0.5732484076433121, 0.8853503184713376, 1.0, 0.8598726114649682, 0.8598726114649682, 0.8471337579617835, 0.7834394904458599, 0.6496815286624203, 0.7515923566878981, 0.8471337579617835, 0.445859872611465, 0.33121019108280253, 0.7197452229299363, 0.4394904458598726, 0.8089171974522293, 0.6751592356687898, 0.34394904458598724, 0.8598726114649682, 0.802547770700637, 0.6687898089171974, 0.5668789808917197, 0.45222929936305734, 0.9554140127388535, 0.6815286624203821, 0.6178343949044586, 0.4713375796178344, 0.7515923566878981, 0.4713375796178344, 0.39490445859872614, 0.8980891719745223, 0.5796178343949044, 0.7261146496815286, 0.7707006369426752, 0.6560509554140127, 0.7070063694267515, 0.8789808917197452, 0.6305732484076433, 0.445859872611465, 0.5414012738853503, 0.6815286624203821, 0.4968152866242038, 0.732484076433121, 0.6178343949044586, 0.6624203821656051, 0.5477707006369427, 0.3885350318471338, 0.9235668789808917, 0.9554140127388535, 0.3821656050955414, 0.6878980891719745, 0.6114649681528662, 0.7133757961783439, 0.19745222929936307, 0.7070063694267515, 0.2802547770700637, 0.5923566878980892, 0.5095541401273885, 0.29936305732484075, 0.6815286624203821, 0.4713375796178344, 0.5859872611464968, 0.6624203821656051, 0.6369426751592356, 0.7834394904458599, 0.4267515923566879, 0.10828025477707007, 0.7961783439490446, 0.9745222929936306, 0.43312101910828027, 1.0, 0.6496815286624203, 0.9617834394904459, 0.43312101910828027, 0.6878980891719745, 0.3503184713375796, 0.5923566878980892, 0.6496815286624203, 0.7961783439490446, 0.7643312101910829, 0.0, 0.29936305732484075, 0.6496815286624203, 0.6815286624203821, 0.4012738853503185, 0.6496815286624203, 0.7197452229299363, 0.6624203821656051, 0.8662420382165605, 0.5286624203821656, 0.7006369426751592, 0.7197452229299363, 0.6496815286624203, 1.0, 0.9808917197452229, 0.6242038216560509, 0.267515923566879, 0.445859872611465, 0.6050955414012739, 0.5095541401273885, 0.7515923566878981, 0.8980891719745223, 0.802547770700637, 0.6560509554140127, 0.5796178343949044, 0.47770700636942676, 0.7261146496815286, 0.6687898089171974, 0.6050955414012739, 0.7388535031847133, 0.6560509554140127, 0.643312101910828, 0.821656050955414, 0.7261146496815286, 0.7961783439490446, 0.7133757961783439, 0.9171974522292994, 0.910828025477707, 0.7643312101910829, 0.9554140127388535, 0.7770700636942676, 1.0, 0.5222929936305732, 1.0, 0.9044585987261147, 0.40764331210191085, 1.0, 0.8789808917197452, 0.7961783439490446, 0.910828025477707, 0.4713375796178344, 0.46496815286624205, 0.46496815286624205, 0.802547770700637, 0.4267515923566879, 1.0, 0.7388535031847133, 0.7388535031847133, 0.7707006369426752, 0.47770700636942676, 0.5222929936305732],