{"DMCTS-mean": 0.6932738853503185, "OOS-100-mean": 0.3067261146496815, "DMCTS": [0.3375796178343949, 0.40764331210191085, 0.5668789808917197, 1.0, 1.0, 0.9363057324840764, 0.89171974522293, 0.5286624203821656, 0.1592356687898089, 1.0, 0.7643312101910829, 0.9681528662420382, 0.9299363057324841, 0.7197452229299363, 0.554140127388535, 1.0, 0.6496815286624203, 0.2484076433121019, 0.7707006369426752, 0.7197452229299363, 1.0, 0.3375796178343949, 0.3885350318471338, 0.8662420382165605, 0.36942675159235666, 0.8343949044585988, 1.0, 0.4267515923566879, 0.5095541401273885, 0.6369426751592356, 0.7388535031847133, 0.4585987261146497, 0.9681528662420382, 0.6560509554140127, 0.7070063694267515, 0.821656050955414, 0.9426751592356688, 0.8471337579617835, 0.43312101910828027, 0.7961783439490446, 0.7261146496815286, 0.9554140127388535, 0.7261146496815286, 0.910828025477707, 0.8789808917197452, 0.7515923566878981, 0.802547770700637, 0.8343949044585988, 0.821656050955414, 0.9745222929936306, 0.7770700636942676, 0.8407643312101911, 0.7643312101910829, 0.9681528662420382, 0.7515923566878981, 0.89171974522293, 0.5859872611464968, 0.2929936305732484, 0.2929936305732484, 0.6178343949044586, 0.7388535031847133, 0.9681528662420382, 0.1910828025477707, 0.7388535031847133, 0.7070063694267515, 0.8535031847133758, 0.6050955414012739, 0.9745222929936306, 0.8280254777070064, 0.21656050955414013, 0.7770700636942676, 0.6560509554140127, 0.5477707006369427, 0.5031847133757962, 0.89171974522293, 0.821656050955414, 0.8662420382165605, 0.28662420382165604, 0.643312101910828, 0.8662420382165605, 0.4585987261146497, 0.8407643312101911, 0.7133757961783439, 0.6751592356687898, 0.17197452229299362, 0.8535031847133758, 0.4968152866242038, 0.7834394904458599, 0.7388535031847133, 0.9044585987261147, 0.7707006369426752, 0.643312101910828, 1.0, 0.6815286624203821, 0.9617834394904459, 0.8471337579617835, 0.37579617834394907, 0.6687898089171974, 0.9363057324840764, 0.7579617834394905, 0.3184713375796178, 0.8726114649681529, 0.7006369426751592, 0.3630573248407643, 0.7961783439490446, 0.802547770700637, 0.7643312101910829, 0.4713375796178344, 0.2611464968152866, 0.5859872611464968, 0.8598726114649682, 0.36942675159235666, 0.6050955414012739, 0.5222929936305732, 0.6305732484076433, 0.36942675159235666, 0.5414012738853503, 0.7261146496815286, 0.8980891719745223, 0.2611464968152866, 0.31210191082802546, 0.8535031847133758, 0.4713375796178344, 1.0, 0.643312101910828, 0.6242038216560509, 0.2802547770700637, 0.6815286624203821, 0.4012738853503185, 0.4968152866242038, 0.821656050955414, 0.7961783439490446, 0.5987261146496815, 0.7452229299363057, 0.6815286624203821, 0.7770700636942676, 0.5222929936305732, 1.0, 0.4713375796178344, 0.8089171974522293, 0.554140127388535, 0.9681528662420382, 0.732484076433121, 0.8280254777070064, 0.8789808917197452, 0.7961783439490446, 0.732484076433121, 0.9745222929936306, 0.6242038216560509, 0.6050955414012739, 0.89171974522293, 0.4713375796178344, 0.4585987261146497, 0.5987261146496815, 0.43312101910828027, 0.5095541401273885, 0.7133757961783439, 0.43312101910828027, 0.20382165605095542, 0.6878980891719745, 0.445859872611465, 0.6624203821656051, 0.4140127388535032, 0.5923566878980892, 0.9044585987261147, 0.8980891719745223, 0.6178343949044586, 0.8089171974522293, 0.6751592356687898, 0.6815286624203821, 0.5222929936305732, 0.8471337579617835, 0.5477707006369427, 0.5477707006369427, 0.5031847133757962, 0.7197452229299363, 0.5732484076433121, 0.9617834394904459, 0.9808917197452229, 0.7515923566878981, 0.9617834394904459, 0.3375796178343949, 0.732484076433121, 0.7834394904458599, 0.821656050955414, 1.0, 0.40764331210191085, 0.4840764331210191, 0.5732484076433121, 0.6560509554140127, 1.0, 0.7006369426751592, 0.3821656050955414, 0.8471337579617835, 0.802547770700637, 0.8152866242038217, 0.8152866242038217, 0.6560509554140127, 0.267515923566879, 0.89171974522293, 0.4394904458598726, 0.8980891719745223, 0.9745222929936306, 0.8726114649681529, 0.7133757961783439, 0.49044585987261147, 0.8343949044585988, 0.7388535031847133, 0.9554140127388535, 0.6815286624203821, 0.5031847133757962, 0.9299363057324841, 0.5859872611464968, 0.46496815286624205, 0.7834394904458599, 0.6751592356687898, 0.7834394904458599, 0.7133757961783439, 0.7452229299363057, 0.5031847133757962, 0.6942675159235668, 0.9235668789808917, 0.7452229299363057, 0.46496815286624205, 1.0, 0.7197452229299363, 0.9872611464968153, 0.8535031847133758, 0.8089171974522293, 0.8407643312101911, 0.7261146496815286, 0.8280254777070064, 0.8726114649681529, 0.643312101910828, 0.6687898089171974, 0.5159235668789809, 0.4968152866242038, 1.0, 1.0, 1.0, 0.3503184713375796, 0.8089171974522293, 0.49044585987261147, 0.732484076433121, 0.3057324840764331, 0.8089171974522293, 0.7834394904458599, 1.0, 1.0, 0.5477707006369427],