{"DMCTS-mean": 0.6096305732484077, "OOS-1000-v3-mean": 0.39036942675159236, "DMCTS": [0.8662420382165605, 0.7452229299363057, 0.9044585987261147, 0.7579617834394905, 0.7261146496815286, 0.2484076433121019, 0.7770700636942676, 0.7070063694267515, 0.554140127388535, 0.42038216560509556, 0.6815286624203821, 0.6178343949044586, 0.7388535031847133, 0.37579617834394907, 0.46496815286624205, 0.47770700636942676, 0.5222929936305732, 0.5031847133757962, 0.7643312101910829, 0.6178343949044586, 0.6942675159235668, 0.5923566878980892, 0.6751592356687898, 0.9681528662420382, 0.8598726114649682, 0.9426751592356688, 0.5796178343949044, 0.7388535031847133, 0.9171974522292994, 0.49044585987261147, 0.5668789808917197, 0.5732484076433121, 0.6369426751592356, 0.4840764331210191, 0.267515923566879, 0.4840764331210191, 0.445859872611465, 0.43312101910828027, 0.267515923566879, 0.5796178343949044, 0.5987261146496815, 1.0, 0.33121019108280253, 0.4394904458598726, 0.49044585987261147, 0.5286624203821656, 0.821656050955414, 0.7834394904458599, 0.7579617834394905, 0.8152866242038217, 0.47770700636942676, 0.8280254777070064, 0.6942675159235668, 0.5414012738853503, 0.37579617834394907, 0.7197452229299363, 0.6305732484076433, 0.42038216560509556, 0.802547770700637, 0.46496815286624205, 0.5605095541401274, 0.821656050955414, 0.9044585987261147, 0.7770700636942676, 0.643312101910828, 0.8980891719745223, 0.6305732484076433, 0.643312101910828, 1.0, 0.802547770700637, 0.1464968152866242, 0.821656050955414, 0.4012738853503185, 0.6496815286624203, 0.27388535031847133, 0.6369426751592356, 0.8662420382165605, 0.7133757961783439, 0.6496815286624203, 0.7707006369426752, 0.6878980891719745, 0.5031847133757962, 0.6878980891719745, 0.6878980891719745, 0.5286624203821656, 0.3248407643312102, 0.5923566878980892, 0.12738853503184713, 0.49044585987261147, 0.7452229299363057, 0.4140127388535032, 0.8726114649681529, 0.45222929936305734, 0.36942675159235666, 0.8152866242038217, 0.5796178343949044, 0.5923566878980892, 0.5095541401273885, 0.37579617834394907, 0.28662420382165604, 0.4840764331210191, 0.5031847133757962, 0.3821656050955414, 0.07006369426751592, 0.5286624203821656, 0.15286624203821655, 0.821656050955414, 0.8535031847133758, 0.8853503184713376, 0.7834394904458599, 0.5222929936305732, 0.3821656050955414, 0.5477707006369427, 0.6178343949044586, 0.7643312101910829, 0.5859872611464968, 0.7579617834394905, 0.9745222929936306, 0.4968152866242038, 0.40764331210191085, 0.5031847133757962, 0.6942675159235668, 0.9044585987261147, 0.5159235668789809, 0.9235668789808917, 0.2611464968152866, 0.7388535031847133, 0.47770700636942676, 0.7261146496815286, 0.4267515923566879, 0.8662420382165605, 0.19745222929936307, 0.6942675159235668, 0.3503184713375796, 1.0, 0.2611464968152866, 0.5095541401273885, 0.7197452229299363, 0.39490445859872614, 1.0, 0.5159235668789809, 0.6560509554140127, 0.8853503184713376, 0.4713375796178344, 0.4840764331210191, 0.6369426751592356, 0.732484076433121, 0.8089171974522293, 0.5732484076433121, 0.43312101910828027, 0.9490445859872612, 0.5095541401273885, 1.0, 0.34394904458598724, 0.49044585987261147, 0.5796178343949044, 0.267515923566879, 0.9808917197452229, 0.5286624203821656, 0.8471337579617835, 0.643312101910828, 1.0, 0.732484076433121, 0.2611464968152866, 0.7006369426751592, 0.554140127388535, 0.4713375796178344, 0.7388535031847133, 0.45222929936305734, 0.7898089171974523, 0.8089171974522293, 0.802547770700637, 0.7770700636942676, 0.5923566878980892, 0.643312101910828, 0.7006369426751592, 0.8980891719745223, 0.2484076433121019, 0.35668789808917195, 0.45222929936305734, 0.8853503184713376, 0.821656050955414, 0.22929936305732485, 0.5987261146496815, 0.8662420382165605, 0.4585987261146497, 0.6878980891719745, 0.8280254777070064, 0.6178343949044586, 0.27388535031847133, 0.2229299363057325, 0.6242038216560509, 0.7707006369426752, 0.21656050955414013, 0.15286624203821655, 0.5859872611464968, 0.7133757961783439, 0.5732484076433121, 0.0, 0.45222929936305734, 0.7961783439490446, 0.39490445859872614, 0.7770700636942676, 0.7579617834394905, 0.5859872611464968, 0.8471337579617835, 0.9299363057324841, 0.8280254777070064, 0.6242038216560509, 0.643312101910828, 0.8407643312101911, 0.35668789808917195, 0.5987261146496815, 0.4713375796178344, 0.2484076433121019, 0.445859872611465, 0.7834394904458599, 0.27388535031847133, 0.6560509554140127, 0.47770700636942676, 0.6114649681528662, 0.9171974522292994, 0.7515923566878981, 0.8662420382165605, 0.9171974522292994, 0.8280254777070064, 0.9681528662420382, 0.45222929936305734, 0.29936305732484075, 0.7261146496815286, 0.2229299363057325, 0.6751592356687898, 0.821656050955414, 0.3821656050955414, 0.8980891719745223, 0.6305732484076433, 0.9044585987261147, 0.42038216560509556, 0.40764331210191085, 0.42038216560509556, 1.0, 0.4840764331210191, 0.35668789808917195, 0.4394904458598726, 0.5923566878980892, 0.5414012738853503, 0.8662420382165605, 0.4713375796178344, 0.7452229299363057, 0.42038216560509556],