{"DMCTS-mean": 0.5811719745222929, "OOS-10000-v2-mean": 0.418828025477707, "DMCTS": [0.4713375796178344, 0.554140127388535, 0.4840764331210191, 0.7643312101910829, 1.0, 0.7579617834394905, 0.5923566878980892, 0.910828025477707, 0.9872611464968153, 0.8726114649681529, 0.9171974522292994, 0.6050955414012739, 0.8471337579617835, 0.7452229299363057, 0.445859872611465, 0.49044585987261147, 0.6496815286624203, 0.3248407643312102, 0.6178343949044586, 0.34394904458598724, 0.7133757961783439, 0.6815286624203821, 0.8535031847133758, 0.8726114649681529, 0.8853503184713376, 0.643312101910828, 0.46496815286624205, 0.7643312101910829, 0.9681528662420382, 0.45222929936305734, 0.2802547770700637, 1.0, 0.47770700636942676, 0.2802547770700637, 0.5796178343949044, 0.7770700636942676, 0.6242038216560509, 0.5286624203821656, 0.5031847133757962, 0.4840764331210191, 0.8535031847133758, 0.4585987261146497, 0.34394904458598724, 0.8089171974522293, 0.3821656050955414, 0.6624203821656051, 0.6560509554140127, 0.19745222929936307, 0.4267515923566879, 0.29936305732484075, 0.5286624203821656, 0.8280254777070064, 0.20382165605095542, 0.24203821656050956, 0.8280254777070064, 0.3821656050955414, 0.5414012738853503, 0.8662420382165605, 0.6496815286624203, 1.0, 0.802547770700637, 0.5159235668789809, 0.43312101910828027, 0.7133757961783439, 0.8280254777070064, 0.7452229299363057, 0.10191082802547771, 0.535031847133758, 0.554140127388535, 0.0, 0.42038216560509556, 0.9490445859872612, 0.43312101910828027, 0.5095541401273885, 0.445859872611465, 0.4968152866242038, 0.5095541401273885, 0.5031847133757962, 0.5796178343949044, 0.267515923566879, 0.2484076433121019, 0.20382165605095542, 0.6815286624203821, 0.9171974522292994, 0.5796178343949044, 0.6305732484076433, 0.6687898089171974, 0.5159235668789809, 0.7133757961783439, 0.17197452229299362, 0.535031847133758, 0.46496815286624205, 0.8471337579617835, 0.267515923566879, 0.45222929936305734, 0.2229299363057325, 0.3630573248407643, 0.27388535031847133, 0.4713375796178344, 0.2929936305732484, 0.3885350318471338, 0.9426751592356688, 0.9299363057324841, 0.8980891719745223, 0.49044585987261147, 0.6050955414012739, 0.910828025477707, 0.28662420382165604, 0.5732484076433121, 0.6369426751592356, 0.5605095541401274, 0.9745222929936306, 0.49044585987261147, 0.28662420382165604, 0.6242038216560509, 0.3630573248407643, 0.4394904458598726, 0.4394904458598726, 0.554140127388535, 0.2929936305732484, 0.5668789808917197, 0.89171974522293, 0.2802547770700637, 0.2229299363057325, 0.4713375796178344, 0.28662420382165604, 0.7388535031847133, 0.3630573248407643, 0.8535031847133758, 0.7452229299363057, 0.4713375796178344, 0.7643312101910829, 0.37579617834394907, 0.6050955414012739, 0.28662420382165604, 0.554140127388535, 0.8598726114649682, 0.6114649681528662, 0.3885350318471338, 0.40764331210191085, 0.7515923566878981, 0.7261146496815286, 1.0, 0.4713375796178344, 0.6050955414012739, 1.0, 0.8343949044585988, 0.7133757961783439, 0.5668789808917197, 0.4713375796178344, 0.5477707006369427, 0.9044585987261147, 0.29936305732484075, 0.7515923566878981, 0.9745222929936306, 0.3184713375796178, 0.5159235668789809, 0.910828025477707, 0.8471337579617835, 0.4585987261146497, 0.9171974522292994, 0.5095541401273885, 0.7643312101910829, 0.4012738853503185, 0.3821656050955414, 0.6624203821656051, 0.7579617834394905, 0.12738853503184713, 0.6687898089171974, 0.7388535031847133, 0.8726114649681529, 0.5222929936305732, 0.5987261146496815, 0.5605095541401274, 0.42038216560509556, 0.46496815286624205, 0.9808917197452229, 1.0, 0.8726114649681529, 0.6815286624203821, 0.7261146496815286, 0.7388535031847133, 0.29936305732484075, 0.821656050955414, 0.821656050955414, 0.8853503184713376, 0.25477707006369427, 0.9171974522292994, 0.7515923566878981, 0.5159235668789809, 0.5796178343949044, 0.9617834394904459, 0.8726114649681529, 0.7261146496815286, 0.7261146496815286, 0.7643312101910829, 0.37579617834394907, 1.0, 0.7070063694267515, 1.0, 0.49044585987261147, 0.22929936305732485, 0.6751592356687898, 0.4267515923566879, 0.43312101910828027, 0.35668789808917195, 0.29936305732484075, 0.2802547770700637, 0.267515923566879, 0.6942675159235668, 0.7388535031847133, 0.267515923566879, 0.5987261146496815, 0.5605095541401274, 0.5923566878980892, 0.732484076433121, 0.5987261146496815, 0.36942675159235666, 0.3885350318471338, 0.42038216560509556, 0.8980891719745223, 0.3821656050955414, 0.5668789808917197, 0.1464968152866242, 0.4394904458598726, 0.8726114649681529, 0.01910828025477707, 0.535031847133758, 0.9554140127388535, 0.6942675159235668, 0.1592356687898089, 0.7770700636942676, 0.6305732484076433, 0.3248407643312102, 0.27388535031847133, 0.24203821656050956, 0.3375796178343949, 0.10191082802547771, 0.47770700636942676, 0.2929936305732484, 0.9299363057324841, 0.6624203821656051, 0.29936305732484075, 0.5732484076433121, 0.34394904458598724, 0.8407643312101911, 0.5796178343949044, 0.7070063694267515, 0.8407643312101911, 0.27388535031847133],