{"F-I-DMCTS-mean": 0.525583864118896, "MCTS-100-mean": 0.47441613588110404, "F-I-DMCTS": [0.35668789808917195, 0.4585987261146497, 0.16560509554140126, 0.22929936305732485, 0.33121019108280253, 0.3248407643312102, 0.7388535031847133, 0.7133757961783439, 0.0, 0.11464968152866242, 0.6050955414012739, 0.8980891719745223, 0.6751592356687898, 0.5859872611464968, 0.554140127388535, 0.5159235668789809, 0.821656050955414, 0.6942675159235668, 0.9171974522292994, 0.732484076433121, 0.267515923566879, 0.0, 0.15286624203821655, 0.2929936305732484, 0.21656050955414013, 0.5031847133757962, 0.28662420382165604, 0.6751592356687898, 0.34394904458598724, 0.3375796178343949, 0.9681528662420382, 0.8789808917197452, 0.9171974522292994, 0.821656050955414, 0.5477707006369427, 0.6114649681528662, 0.7961783439490446, 0.9299363057324841, 0.89171974522293, 0.9235668789808917, 0.5286624203821656, 0.10191082802547771, 0.27388535031847133, 0.6815286624203821, 0.34394904458598724, 0.25477707006369427, 0.535031847133758, 0.7197452229299363, 0.35668789808917195, 0.2929936305732484, 0.8471337579617835, 0.35668789808917195, 0.7388535031847133, 0.18471337579617833, 0.36942675159235666, 0.7834394904458599, 0.11464968152866242, 0.4968152866242038, 0.8535031847133758, 0.9044585987261147], "MCTS-100": [0.643312101910828, 0.5414012738853503, 0.8343949044585988, 0.7707006369426752, 0.6687898089171974, 0.6751592356687898, 0.2611464968152866, 0.28662420382165604, 1.0, 0.8853503184713376, 0.39490445859872614, 0.10191082802547771, 0.3248407643312102, 0.4140127388535032, 0.445859872611465, 0.4840764331210191, 0.17834394904458598, 0.3057324840764331, 0.08280254777070063, 0.267515923566879, 0.732484076433121, 1.0, 0.8471337579617835, 0.7070063694267515, 0.7834394904458599, 0.4968152866242038, 0.7133757961783439, 0.3248407643312102, 0.6560509554140127, 0.6624203821656051, 0.03184713375796178, 0.12101910828025478, 0.08280254777070063, 0.17834394904458598, 0.45222929936305734, 0.3885350318471338, 0.20382165605095542, 0.07006369426751592, 0.10828025477707007, 0.07643312101910828, 0.4713375796178344, 0.8980891719745223, 0.7261146496815286, 0.3184713375796178, 0.6560509554140127, 0.7452229299363057, 0.46496815286624205, 0.2802547770700637, 0.643312101910828, 0.7070063694267515, 0.15286624203821655, 0.643312101910828, 0.2611464968152866, 0.8152866242038217, 0.6305732484076433, 0.21656050955414013, 0.8853503184713376, 0.5031847133757962, 0.1464968152866242, 0.09554140127388536]}