{"I-DMCTS-mean": 0.5162130862767805, "Policy-mean": 0.48378691372321947, "I-DMCTS": [0.6050955414012739, 0.267515923566879, 0.28662420382165604, 0.8343949044585988, 0.18471337579617833, 0.6560509554140127, 0.6242038216560509, 0.4394904458598726, 0.732484076433121, 0.4968152866242038, 0.31210191082802546, 0.7133757961783439, 0.2611464968152866, 0.14012738853503184, 0.4585987261146497, 0.10828025477707007, 0.21656050955414013, 0.6942675159235668, 0.4585987261146497, 0.6114649681528662, 0.8980891719745223, 0.9872611464968153, 0.7961783439490446, 0.7834394904458599, 0.4840764331210191, 0.20382165605095542, 0.6050955414012739, 0.4267515923566879, 0.6050955414012739, 0.6114649681528662, 0.7388535031847133, 0.6242038216560509, 0.45222929936305734, 0.4140127388535032, 0.17834394904458598, 0.5095541401273885, 0.0, 0.6942675159235668, 0.6751592356687898, 0.7961783439490446, 0.7643312101910829, 0.7515923566878981, 0.17834394904458598, 0.43312101910828027], "Policy": [0.39490445859872614, 0.732484076433121, 0.7133757961783439, 0.16560509554140126, 0.8152866242038217, 0.34394904458598724, 0.37579617834394907, 0.5605095541401274, 0.267515923566879, 0.5031847133757962, 0.6878980891719745, 0.28662420382165604, 0.7388535031847133, 0.8598726114649682, 0.5414012738853503, 0.89171974522293, 0.7834394904458599, 0.3057324840764331, 0.5414012738853503, 0.3885350318471338, 0.10191082802547771, 0.012738853503184714, 0.20382165605095542, 0.21656050955414013, 0.5159235668789809, 0.7961783439490446, 0.39490445859872614, 0.5732484076433121, 0.39490445859872614, 0.3885350318471338, 0.2611464968152866, 0.37579617834394907, 0.5477707006369427, 0.5859872611464968, 0.821656050955414, 0.49044585987261147, 1.0, 0.3057324840764331, 0.3248407643312102, 0.20382165605095542, 0.2356687898089172, 0.2484076433121019, 0.821656050955414, 0.5668789808917197]}