{"I-DMCTS-mean": 0.47540083461453986, "MCTS-100-mean": 0.5245991653854601, "I-DMCTS": [0.35668789808917195, 0.6050955414012739, 0.2229299363057325, 0.40764331210191085, 0.2484076433121019, 0.2929936305732484, 0.12738853503184713, 0.12738853503184713, 0.15286624203821655, 0.5414012738853503, 0.0, 0.5286624203821656, 0.6305732484076433, 0.5031847133757962, 0.12738853503184713, 0.37579617834394907, 0.6496815286624203, 1.0, 0.6114649681528662, 0.821656050955414, 0.19745222929936307, 0.16560509554140126, 0.4267515923566879, 0.19745222929936307, 0.33121019108280253, 0.044585987261146494, 0.7515923566878981, 0.5477707006369427, 0.7452229299363057, 0.9171974522292994, 0.0, 0.267515923566879, 1.0, 0.8343949044585988, 0.9808917197452229, 0.7961783439490446, 0.535031847133758, 0.7133757961783439, 0.7006369426751592, 0.9171974522292994, 0.3630573248407643, 0.2611464968152866, 0.5031847133757962, 0.6050955414012739, 0.535031847133758, 0.7579617834394905, 0.4394904458598726, 0.4140127388535032, 0.2611464968152866, 0.3885350318471338, 0.14012738853503184, 0.2802547770700637, 0.5987261146496815, 0.4394904458598726, 0.6178343949044586, 0.45222929936305734, 0.3375796178343949, 0.7770700636942676], "MCTS-100": [0.643312101910828, 0.39490445859872614, 0.7770700636942676, 0.5923566878980892, 0.7515923566878981, 0.7070063694267515, 0.8726114649681529, 0.8726114649681529, 0.8471337579617835, 0.4585987261146497, 1.0, 0.4713375796178344, 0.36942675159235666, 0.4968152866242038, 0.8726114649681529, 0.6242038216560509, 0.3503184713375796, 0.0, 0.3885350318471338, 0.17834394904458598, 0.802547770700637, 0.8343949044585988, 0.5732484076433121, 0.802547770700637, 0.6687898089171974, 0.9554140127388535, 0.2484076433121019, 0.45222929936305734, 0.25477707006369427, 0.08280254777070063, 1.0, 0.732484076433121, 0.0, 0.16560509554140126, 0.01910828025477707, 0.20382165605095542, 0.46496815286624205, 0.28662420382165604, 0.29936305732484075, 0.08280254777070063, 0.6369426751592356, 0.7388535031847133, 0.4968152866242038, 0.39490445859872614, 0.46496815286624205, 0.24203821656050956, 0.5605095541401274, 0.5859872611464968, 0.7388535031847133, 0.6114649681528662, 0.8598726114649682, 0.7197452229299363, 0.4012738853503185, 0.5605095541401274, 0.3821656050955414, 0.5477707006369427, 0.6624203821656051, 0.2229299363057325]}