{"DMCTS-mean": 0.6475499276778237, "OOS-100-v3-mean": 0.3524500723221763, "DMCTS": [0.8662420382165605, 0.28662420382165604, 0.9490445859872612, 0.9044585987261147, 0.8535031847133758, 0.22929936305732485, 0.8980891719745223, 0.8280254777070064, 0.8343949044585988, 0.8853503184713376, 0.3057324840764331, 0.6687898089171974, 0.4968152866242038, 0.7006369426751592, 0.7261146496815286, 0.8853503184713376, 0.8089171974522293, 0.5222929936305732, 0.5859872611464968, 0.6560509554140127, 0.36942675159235666, 0.7770700636942676, 0.802547770700637, 0.4012738853503185, 0.89171974522293, 0.7834394904458599, 0.5477707006369427, 0.3630573248407643, 0.6305732484076433, 0.7133757961783439, 0.910828025477707, 0.6878980891719745, 0.910828025477707, 0.9171974522292994, 0.6496815286624203, 0.9363057324840764, 0.6560509554140127, 0.20382165605095542, 0.8789808917197452, 0.9426751592356688, 0.910828025477707, 0.3503184713375796, 0.4713375796178344, 0.6178343949044586, 0.7452229299363057, 0.6751592356687898, 0.8152866242038217, 0.5859872611464968, 0.5668789808917197, 0.7834394904458599, 0.6242038216560509, 0.535031847133758, 0.7770700636942676, 0.9044585987261147, 0.37579617834394907, 0.27388535031847133, 0.89171974522293, 0.5605095541401274, 0.49044585987261147, 1.0, 0.5668789808917197, 0.7643312101910829, 0.5923566878980892, 0.4267515923566879, 0.6687898089171974, 0.46496815286624205, 0.821656050955414, 0.17834394904458598, 0.535031847133758, 0.9171974522292994, 0.40764331210191085, 0.8343949044585988, 0.4394904458598726, 0.6687898089171974, 0.4713375796178344, 0.8089171974522293, 0.45222929936305734, 0.49044585987261147, 0.7898089171974523, 0.5031847133757962, 0.8089171974522293, 0.4012738853503185, 0.9235668789808917, 0.45222929936305734, 0.5668789808917197, 0.910828025477707, 0.8089171974522293, 0.7452229299363057, 0.5732484076433121, 0.8598726114649682, 0.6305732484076433, 0.8662420382165605, 0.9426751592356688, 0.5923566878980892, 0.8598726114649682, 0.732484076433121, 0.8471337579617835, 0.5605095541401274, 0.43312101910828027, 0.45222929936305734, 0.37579617834394907, 0.821656050955414, 0.7070063694267515, 0.25477707006369427, 0.6624203821656051, 0.5859872611464968, 0.42038216560509556, 0.47770700636942676, 0.5859872611464968, 0.8598726114649682, 0.554140127388535, 0.4968152866242038, 0.9554140127388535, 1.0, 0.89171974522293, 0.7643312101910829, 0.4585987261146497, 0.6178343949044586, 0.7770700636942676, 0.7961783439490446, 0.6178343949044586, 0.7197452229299363, 0.3821656050955414, 0.3821656050955414, 0.7261146496815286, 0.802547770700637, 0.8280254777070064, 0.8980891719745223, 0.7070063694267515, 0.6496815286624203, 0.4968152866242038, 0.6942675159235668, 0.6878980891719745, 0.5796178343949044, 0.6114649681528662, 0.3630573248407643, 0.6687898089171974, 0.7643312101910829, 0.35668789808917195, 0.2611464968152866, 0.8152866242038217, 0.9554140127388535, 0.3821656050955414, 0.7006369426751592, 0.5031847133757962, 0.8407643312101911, 0.802547770700637, 0.43312101910828027, 0.8789808917197452, 0.7133757961783439, 0.4394904458598726, 0.2802547770700637, 0.6242038216560509, 0.35668789808917195, 0.7834394904458599, 0.8471337579617835, 0.2611464968152866, 0.4840764331210191, 0.1337579617834395, 0.3503184713375796, 0.7834394904458599, 0.33121019108280253, 0.47770700636942676, 0.31210191082802546, 1.0, 0.9235668789808917, 0.3184713375796178, 0.5095541401273885, 0.9299363057324841, 0.47770700636942676, 0.8280254777070064, 0.42038216560509556, 0.31210191082802546, 0.16560509554140126, 0.46496815286624205, 0.6751592356687898, 0.8853503184713376, 0.6751592356687898, 0.3630573248407643, 0.9044585987261147, 0.49044585987261147, 0.5732484076433121, 0.35668789808917195, 1.0, 0.445859872611465, 0.732484076433121, 0.8662420382165605, 0.43312101910828027, 0.7006369426751592, 0.4840764331210191, 0.2356687898089172, 0.7770700636942676, 0.6114649681528662, 0.5732484076433121, 0.3248407643312102, 0.8662420382165605, 0.9617834394904459, 0.7197452229299363, 0.8089171974522293, 1.0, 0.4394904458598726, 0.9872611464968153, 0.7197452229299363, 0.6496815286624203, 0.42038216560509556, 0.8152866242038217, 0.7388535031847133, 0.8280254777070064, 0.821656050955414, 0.5732484076433121, 0.8152866242038217, 0.7579617834394905, 0.7770700636942676, 0.6114649681528662, 0.6305732484076433, 0.7452229299363057, 0.5159235668789809, 0.4585987261146497, 0.7261146496815286, 0.732484076433121, 0.9171974522292994, 0.8280254777070064, 0.6369426751592356, 0.7898089171974523, 0.8471337579617835, 0.6369426751592356, 0.7770700636942676, 0.8089171974522293, 0.8089171974522293, 0.8471337579617835, 0.7452229299363057, 0.7770700636942676, 0.7579617834394905, 0.3184713375796178, 0.08280254777070063, 0.27388535031847133, 0.9808917197452229, 0.7770700636942676, 0.9044585987261147, 0.8407643312101911, 0.6496815286624203, 0.6751592356687898, 0.17834394904458598, 0.3885350318471338, 0.8662420382165605, 0.9299363057324841, 0.5668789808917197, 0.5222929936305732, 0.8343949044585988, 0.22929936305732485, 0.4140127388535032],