{"DMCTS-mean": 0.7030476818839293, "OOS-10-v3-mean": 0.2969523181160707, "DMCTS": [0.7579617834394905, 0.3375796178343949, 0.7452229299363057, 0.8152866242038217, 0.6751592356687898, 0.6815286624203821, 0.7006369426751592, 0.3184713375796178, 0.8726114649681529, 0.8535031847133758, 0.4012738853503185, 0.5031847133757962, 0.9617834394904459, 1.0, 0.45222929936305734, 0.3184713375796178, 0.7643312101910829, 0.4394904458598726, 0.9681528662420382, 0.821656050955414, 0.732484076433121, 0.3821656050955414, 0.7834394904458599, 0.42038216560509556, 0.554140127388535, 0.10191082802547771, 0.8853503184713376, 0.7961783439490446, 0.6560509554140127, 0.7006369426751592, 0.6624203821656051, 0.89171974522293, 0.4267515923566879, 0.6050955414012739, 0.43312101910828027, 0.6942675159235668, 0.42038216560509556, 0.5923566878980892, 0.9617834394904459, 0.7006369426751592, 0.732484076433121, 0.9363057324840764, 0.6751592356687898, 0.6624203821656051, 0.6624203821656051, 0.45222929936305734, 0.7707006369426752, 0.34394904458598724, 0.7133757961783439, 0.7643312101910829, 0.4713375796178344, 0.7261146496815286, 0.8598726114649682, 1.0, 0.6242038216560509, 0.643312101910828, 0.821656050955414, 0.5987261146496815, 0.7961783439490446, 0.7261146496815286, 0.802547770700637, 0.7070063694267515, 0.9490445859872612, 0.8980891719745223, 0.4713375796178344, 0.5987261146496815, 0.9171974522292994, 0.732484076433121, 0.6242038216560509, 1.0, 0.25477707006369427, 0.6815286624203821, 0.8471337579617835, 0.37579617834394907, 0.8089171974522293, 0.3630573248407643, 0.6878980891719745, 0.7197452229299363, 0.46496815286624205, 0.643312101910828, 0.27388535031847133, 0.7515923566878981, 0.5605095541401274, 0.3248407643312102, 0.8980891719745223, 0.46496815286624205, 0.821656050955414, 0.7898089171974523, 0.5923566878980892, 0.732484076433121, 0.89171974522293, 0.821656050955414, 0.7261146496815286, 0.8726114649681529, 1.0, 0.7515923566878981, 0.9299363057324841, 0.10191082802547771, 0.9617834394904459, 0.6496815286624203, 0.2229299363057325, 0.7643312101910829, 0.8407643312101911, 0.8407643312101911, 0.4840764331210191, 0.6815286624203821, 0.6560509554140127, 0.445859872611465, 0.6305732484076433, 0.7261146496815286, 1.0, 0.910828025477707, 0.910828025477707, 0.6050955414012739, 0.5286624203821656, 0.8280254777070064, 0.8535031847133758, 0.8280254777070064, 0.8598726114649682, 0.6560509554140127, 0.3503184713375796, 0.732484076433121, 0.6687898089171974, 0.8280254777070064, 0.2929936305732484, 0.8089171974522293, 0.6942675159235668, 0.821656050955414, 0.5732484076433121, 0.8089171974522293, 0.8152866242038217, 0.8280254777070064, 0.6050955414012739, 0.6878980891719745, 0.4840764331210191, 0.8089171974522293, 0.4140127388535032, 0.910828025477707, 0.8343949044585988, 1.0, 0.8471337579617835, 0.7515923566878981, 0.8089171974522293, 0.8662420382165605, 1.0, 0.6751592356687898, 0.5859872611464968, 0.8598726114649682, 0.8726114649681529, 0.6687898089171974, 0.6305732484076433, 0.4267515923566879, 0.8152866242038217, 0.8407643312101911, 0.7834394904458599, 0.7643312101910829, 0.36942675159235666, 0.8662420382165605, 0.8853503184713376, 0.7515923566878981, 0.6560509554140127, 0.39490445859872614, 0.5796178343949044, 0.7643312101910829, 1.0, 0.8280254777070064, 0.2929936305732484, 1.0, 0.6751592356687898, 0.5668789808917197, 1.0, 0.6305732484076433, 0.4840764331210191, 0.8152866242038217, 0.8853503184713376, 0.42038216560509556, 0.9235668789808917, 0.6624203821656051, 0.7770700636942676, 0.535031847133758, 0.821656050955414, 0.732484076433121, 0.9171974522292994, 0.4585987261146497, 0.7133757961783439, 0.6878980891719745, 0.5668789808917197, 0.4140127388535032, 0.7070063694267515, 0.5987261146496815, 0.4267515923566879, 0.6624203821656051, 0.7006369426751592, 0.732484076433121, 0.4968152866242038, 0.34394904458598724, 0.7707006369426752, 0.9426751592356688, 0.910828025477707, 1.0, 0.4267515923566879, 0.8980891719745223, 0.7898089171974523, 0.8343949044585988, 0.9745222929936306, 0.6751592356687898, 0.7515923566878981, 0.9171974522292994, 1.0, 0.7006369426751592, 0.9171974522292994, 1.0, 0.8726114649681529, 0.7006369426751592, 0.9745222929936306, 0.7770700636942676, 0.9808917197452229, 0.445859872611465, 0.802547770700637, 0.7898089171974523, 0.47770700636942676, 0.7579617834394905, 0.8280254777070064, 0.554140127388535, 0.9745222929936306, 0.8598726114649682, 0.39490445859872614, 0.5414012738853503, 0.8980891719745223, 0.7579617834394905, 0.732484076433121, 0.9363057324840764, 1.0, 0.8407643312101911, 0.6878980891719745, 0.5668789808917197, 0.8535031847133758, 0.5987261146496815, 0.8471337579617835, 1.0, 0.7515923566878981, 0.6624203821656051, 0.4394904458598726, 0.36942675159235666, 0.8407643312101911, 0.7834394904458599, 0.6942675159235668, 0.7579617834394905, 0.39490445859872614, 1.0, 0.3885350318471338],