{"DMCTS-mean": 0.5688837008653286, "OOS-1000-v2-mean": 0.4311162991346715, "DMCTS": [0.5859872611464968, 0.89171974522293, 0.7388535031847133, 0.821656050955414, 0.3821656050955414, 0.28662420382165604, 0.8089171974522293, 0.8535031847133758, 0.2802547770700637, 0.4012738853503185, 0.554140127388535, 0.31210191082802546, 0.47770700636942676, 0.4140127388535032, 0.4394904458598726, 0.5732484076433121, 0.33121019108280253, 0.3184713375796178, 0.3630573248407643, 0.1910828025477707, 0.7834394904458599, 0.4713375796178344, 0.4585987261146497, 0.42038216560509556, 0.643312101910828, 1.0, 0.37579617834394907, 0.4585987261146497, 0.27388535031847133, 0.5859872611464968, 0.6624203821656051, 0.910828025477707, 0.5222929936305732, 0.7707006369426752, 0.5987261146496815, 0.28662420382165604, 0.6305732484076433, 0.27388535031847133, 1.0, 0.15286624203821655, 0.7197452229299363, 0.8152866242038217, 0.8535031847133758, 0.7452229299363057, 0.8662420382165605, 0.7006369426751592, 0.6114649681528662, 0.8280254777070064, 0.3503184713375796, 0.6305732484076433, 0.9044585987261147, 0.4585987261146497, 0.3057324840764331, 0.17834394904458598, 0.31210191082802546, 0.5668789808917197, 0.6496815286624203, 0.3503184713375796, 0.2229299363057325, 0.9044585987261147, 0.6560509554140127, 0.35668789808917195, 0.37579617834394907, 0.4267515923566879, 0.4968152866242038, 0.34394904458598724, 0.8407643312101911, 0.3503184713375796, 0.4267515923566879, 0.6942675159235668, 0.554140127388535, 0.821656050955414, 0.4840764331210191, 0.6751592356687898, 0.8662420382165605, 0.7388535031847133, 0.4585987261146497, 1.0, 0.7452229299363057, 0.9681528662420382, 0.6624203821656051, 0.7006369426751592, 0.9299363057324841, 0.45222929936305734, 0.8280254777070064, 0.6242038216560509, 0.6624203821656051, 0.35668789808917195, 0.535031847133758, 0.3248407643312102, 0.25477707006369427, 0.3630573248407643, 0.6878980891719745, 0.5923566878980892, 0.31210191082802546, 0.5668789808917197, 0.7770700636942676, 0.3885350318471338, 0.6178343949044586, 0.3375796178343949, 0.9171974522292994, 0.39490445859872614, 0.8662420382165605, 0.4840764331210191, 0.554140127388535, 0.9299363057324841, 0.45222929936305734, 0.35668789808917195, 0.4267515923566879, 0.19745222929936307, 0.89171974522293, 0.2611464968152866, 0.6369426751592356, 0.7261146496815286, 0.06369426751592357, 0.3885350318471338, 0.49044585987261147, 0.7133757961783439, 0.7070063694267515, 0.89171974522293, 0.9490445859872612, 0.7579617834394905, 0.6878980891719745, 0.43312101910828027, 0.7643312101910829, 0.6751592356687898, 0.5159235668789809, 0.6114649681528662, 0.445859872611465, 1.0, 0.42038216560509556, 0.4840764331210191, 0.31210191082802546, 0.40764331210191085, 0.6687898089171974, 0.6242038216560509, 0.3885350318471338, 0.3885350318471338, 0.7388535031847133, 0.4394904458598726, 0.6050955414012739, 0.2611464968152866, 0.643312101910828, 0.5987261146496815, 0.5414012738853503, 0.20382165605095542, 0.21019108280254778, 0.4585987261146497, 0.6178343949044586, 0.35668789808917195, 0.7388535031847133, 0.45222929936305734, 0.535031847133758, 0.3503184713375796, 0.2802547770700637, 0.40764331210191085, 0.554140127388535, 0.9426751592356688, 0.3503184713375796, 0.6050955414012739, 0.43312101910828027, 0.1337579617834395, 0.4140127388535032, 0.19745222929936307, 0.4585987261146497, 0.6114649681528662, 1.0, 0.8662420382165605, 0.8280254777070064, 0.3821656050955414, 0.6815286624203821, 0.4585987261146497, 0.445859872611465, 0.7515923566878981, 0.8343949044585988, 0.8598726114649682, 0.8662420382165605, 0.7579617834394905, 0.6560509554140127, 0.3184713375796178, 0.802547770700637, 0.36942675159235666, 0.7579617834394905, 0.7770700636942676, 0.5732484076433121, 0.24203821656050956, 0.6815286624203821, 0.554140127388535, 0.6878980891719745, 0.6305732484076433, 0.5668789808917197, 0.4012738853503185, 0.3184713375796178, 0.6815286624203821, 0.9617834394904459, 0.31210191082802546, 0.35668789808917195, 0.37579617834394907, 0.732484076433121, 0.28662420382165604, 0.5605095541401274, 0.5095541401273885, 0.6942675159235668, 0.4394904458598726, 0.6178343949044586, 0.7898089171974523, 0.8535031847133758, 0.4394904458598726, 0.49044585987261147, 0.5668789808917197, 0.9745222929936306, 0.2929936305732484, 0.7133757961783439, 0.7388535031847133, 0.27388535031847133, 1.0, 0.8471337579617835, 0.7006369426751592, 0.6496815286624203, 0.7452229299363057, 0.12101910828025478, 0.14012738853503184, 1.0, 0.3885350318471338, 0.9044585987261147, 0.732484076433121, 0.7197452229299363, 0.5859872611464968, 0.37579617834394907, 0.5923566878980892, 0.5414012738853503, 0.7197452229299363, 0.46496815286624205, 0.36942675159235666, 0.3057324840764331, 0.35668789808917195, 0.9171974522292994, 0.7388535031847133, 0.9554140127388535, 0.49044585987261147, 0.18471337579617833, 0.47770700636942676, 0.6942675159235668, 0.4012738853503185, 0.7070063694267515, 0.4713375796178344, 0.6178343949044586, 0.6369426751592356, 0.8662420382165605, 0.43312101910828027, 0.643312101910828],