{"DMCTS-mean": 0.6946481589565304, "OOS-10-v4-mean": 0.3053518410434694, "DMCTS": [0.6687898089171974, 0.3248407643312102, 0.821656050955414, 0.7770700636942676, 1.0, 0.9490445859872612, 1.0, 0.535031847133758, 0.3630573248407643, 0.8598726114649682, 0.3885350318471338, 0.7643312101910829, 0.9235668789808917, 0.6624203821656051, 0.9681528662420382, 0.6687898089171974, 0.554140127388535, 0.5732484076433121, 0.6369426751592356, 0.8853503184713376, 0.7070063694267515, 0.15286624203821655, 0.445859872611465, 0.554140127388535, 0.9681528662420382, 0.7643312101910829, 0.5859872611464968, 0.8471337579617835, 0.5923566878980892, 1.0, 0.7643312101910829, 0.9808917197452229, 0.6560509554140127, 0.6305732484076433, 0.910828025477707, 0.7452229299363057, 1.0, 0.7707006369426752, 0.8152866242038217, 1.0, 0.9808917197452229, 0.22929936305732485, 0.9044585987261147, 0.5605095541401274, 0.802547770700637, 0.6050955414012739, 0.8853503184713376, 0.5796178343949044, 0.36942675159235666, 0.9745222929936306, 0.4140127388535032, 0.6178343949044586, 0.4140127388535032, 0.37579617834394907, 0.49044585987261147, 0.6878980891719745, 0.7643312101910829, 0.7261146496815286, 0.1910828025477707, 0.9745222929936306, 0.7707006369426752, 1.0, 0.3821656050955414, 0.8280254777070064, 0.7707006369426752, 0.5668789808917197, 0.4140127388535032, 0.8789808917197452, 0.6687898089171974, 1.0, 0.8789808917197452, 0.7961783439490446, 0.8662420382165605, 1.0, 0.5605095541401274, 0.4713375796178344, 0.42038216560509556, 0.8280254777070064, 1.0, 0.6114649681528662, 0.5286624203821656, 0.7961783439490446, 0.7197452229299363, 0.2929936305732484, 0.8853503184713376, 0.45222929936305734, 0.7579617834394905, 0.7643312101910829, 0.5222929936305732, 0.33121019108280253, 0.6751592356687898, 0.7515923566878981, 0.9299363057324841, 0.7898089171974523, 0.8089171974522293, 0.49044585987261147, 0.4713375796178344, 0.9554140127388535, 0.7197452229299363, 0.8471337579617835, 0.7961783439490446, 0.45222929936305734, 0.5605095541401274, 0.4585987261146497, 0.910828025477707, 0.8152866242038217, 1.0, 0.34394904458598724, 0.4394904458598726, 0.7961783439490446, 1.0, 1.0, 0.8535031847133758, 0.7197452229299363, 0.8598726114649682, 1.0, 0.9490445859872612, 1.0, 0.6624203821656051, 0.7643312101910829, 0.4585987261146497, 0.49044585987261147, 0.6878980891719745, 0.3885350318471338, 0.535031847133758, 1.0, 0.6815286624203821, 0.5668789808917197, 0.7452229299363057, 0.5732484076433121, 0.8280254777070064, 0.25477707006369427, 0.8598726114649682, 0.5477707006369427, 0.8089171974522293, 0.7898089171974523, 0.6878980891719745, 0.6751592356687898, 0.6751592356687898, 0.8280254777070064, 0.2484076433121019, 0.6687898089171974, 0.27388535031847133, 0.7770700636942676, 0.3885350318471338, 0.9363057324840764, 0.6751592356687898, 0.9872611464968153, 0.7388535031847133, 0.8662420382165605, 0.6178343949044586, 0.5477707006369427, 0.4394904458598726, 0.5987261146496815, 0.37579617834394907, 0.8726114649681529, 0.6624203821656051, 0.9872611464968153, 0.5859872611464968, 0.4585987261146497, 0.8535031847133758, 0.9044585987261147, 0.5286624203821656, 0.4840764331210191, 0.4968152866242038, 0.9171974522292994, 0.7770700636942676, 0.3885350318471338, 0.4840764331210191, 0.9617834394904459, 0.6815286624203821, 0.3375796178343949, 0.8662420382165605, 0.6878980891719745, 1.0, 0.5477707006369427, 0.5987261146496815, 0.4585987261146497, 0.8598726114649682, 1.0, 0.6496815286624203, 0.910828025477707, 0.6050955414012739, 0.7898089171974523, 0.732484076433121, 0.7515923566878981, 0.6114649681528662, 0.8152866242038217, 0.5859872611464968, 0.9044585987261147, 0.9235668789808917, 0.4713375796178344, 0.9745222929936306, 0.6178343949044586, 0.4267515923566879, 0.9617834394904459, 0.6305732484076433, 0.7643312101910829, 0.4267515923566879, 1.0, 0.8407643312101911, 0.910828025477707, 0.9235668789808917, 0.554140127388535, 0.7006369426751592, 0.36942675159235666, 0.732484076433121, 0.6114649681528662, 0.3821656050955414, 0.5159235668789809, 0.33121019108280253, 0.8662420382165605, 0.5477707006369427, 0.4840764331210191, 0.5732484076433121, 0.7961783439490446, 0.3630573248407643, 0.910828025477707, 0.5031847133757962, 0.445859872611465, 0.8535031847133758, 0.6496815286624203, 0.5477707006369427, 0.821656050955414, 0.6496815286624203, 0.8089171974522293, 0.47770700636942676, 0.7197452229299363, 0.7834394904458599, 0.5414012738853503, 0.5477707006369427, 0.6178343949044586, 0.7133757961783439, 1.0, 0.6560509554140127, 0.6624203821656051, 0.554140127388535, 0.6815286624203821, 0.7197452229299363, 0.821656050955414, 0.8407643312101911, 0.8980891719745223, 0.6878980891719745, 0.8471337579617835, 0.7515923566878981, 0.4394904458598726, 0.7834394904458599, 0.6369426751592356, 0.9808917197452229, 0.802547770700637, 0.9681528662420382],