{"DMCTS-mean": 0.6983666519518194, "OOS-100-v4-mean": 0.3016333480481806, "DMCTS": [0.3248407643312102, 0.4394904458598726, 0.89171974522293, 0.8980891719745223, 0.7770700636942676, 0.7770700636942676, 0.42038216560509556, 0.8280254777070064, 0.5222929936305732, 0.9872611464968153, 0.7133757961783439, 0.6560509554140127, 0.6050955414012739, 0.9554140127388535, 0.8535031847133758, 0.7006369426751592, 0.35668789808917195, 0.7898089171974523, 1.0, 0.8853503184713376, 0.4968152866242038, 0.7261146496815286, 0.8980891719745223, 0.9808917197452229, 0.821656050955414, 0.3184713375796178, 0.7707006369426752, 0.4394904458598726, 0.9363057324840764, 0.5987261146496815, 1.0, 0.6242038216560509, 0.45222929936305734, 0.37579617834394907, 0.9872611464968153, 0.7515923566878981, 0.7133757961783439, 0.3630573248407643, 0.7770700636942676, 0.7770700636942676, 0.5095541401273885, 0.7643312101910829, 0.7261146496815286, 1.0, 0.6242038216560509, 0.9681528662420382, 0.044585987261146494, 0.7834394904458599, 0.31210191082802546, 0.6114649681528662, 0.47770700636942676, 0.910828025477707, 0.6815286624203821, 0.5605095541401274, 0.6751592356687898, 0.8980891719745223, 0.4267515923566879, 0.3375796178343949, 0.29936305732484075, 0.8853503184713376, 0.7261146496815286, 0.5605095541401274, 0.9299363057324841, 0.9808917197452229, 0.6369426751592356, 0.8280254777070064, 0.40764331210191085, 0.4012738853503185, 1.0, 1.0, 0.42038216560509556, 0.8789808917197452, 0.6178343949044586, 0.6942675159235668, 0.6114649681528662, 0.5222929936305732, 0.6751592356687898, 0.5732484076433121, 0.7261146496815286, 0.4585987261146497, 0.7133757961783439, 0.89171974522293, 0.33121019108280253, 0.6178343949044586, 0.910828025477707, 0.7579617834394905, 0.9363057324840764, 0.9872611464968153, 1.0, 0.9808917197452229, 1.0, 0.9171974522292994, 0.27388535031847133, 0.6624203821656051, 0.36942675159235666, 0.9554140127388535, 0.3503184713375796, 0.9171974522292994, 0.7643312101910829, 0.9171974522292994, 0.9426751592356688], "OOS-100-v4": [0.6751592356687898, 0.5605095541401274, 0.10828025477707007, 0.10191082802547771, 0.2229299363057325, 0.2229299363057325, 0.5796178343949044, 0.17197452229299362, 0.47770700636942676, 0.012738853503184714, 0.28662420382165604, 0.34394904458598724, 0.39490445859872614, 0.044585987261146494, 0.1464968152866242, 0.29936305732484075, 0.643312101910828, 0.21019108280254778, 0.0, 0.11464968152866242, 0.5031847133757962, 0.27388535031847133, 0.10191082802547771, 0.01910828025477707, 0.17834394904458598, 0.6815286624203821, 0.22929936305732485, 0.5605095541401274, 0.06369426751592357, 0.4012738853503185, 0.0, 0.37579617834394907, 0.5477707006369427, 0.6242038216560509, 0.012738853503184714, 0.2484076433121019, 0.28662420382165604, 0.6369426751592356, 0.2229299363057325, 0.2229299363057325, 0.49044585987261147, 0.2356687898089172, 0.27388535031847133, 0.0, 0.37579617834394907, 0.03184713375796178, 0.9554140127388535, 0.21656050955414013, 0.6878980891719745, 0.3885350318471338, 0.5222929936305732, 0.08917197452229299, 0.3184713375796178, 0.4394904458598726, 0.3248407643312102, 0.10191082802547771, 0.5732484076433121, 0.6624203821656051, 0.7006369426751592, 0.11464968152866242, 0.27388535031847133, 0.4394904458598726, 0.07006369426751592, 0.01910828025477707, 0.3630573248407643, 0.17197452229299362, 0.5923566878980892, 0.5987261146496815, 0.0, 0.0, 0.5796178343949044, 0.12101910828025478, 0.3821656050955414, 0.3057324840764331, 0.3885350318471338, 0.47770700636942676, 0.3248407643312102, 0.4267515923566879, 0.27388535031847133, 0.5414012738853503, 0.28662420382165604, 0.10828025477707007, 0.6687898089171974, 0.3821656050955414, 0.08917197452229299, 0.24203821656050956, 0.06369426751592357, 0.012738853503184714, 0.0, 0.01910828025477707, 0.0, 0.08280254777070063, 0.7261146496815286, 0.3375796178343949, 0.6305732484076433, 0.044585987261146494, 0.6496815286624203, 0.08280254777070063, 0.2356687898089172, 0.08280254777070063, 0.05732484076433121]}