{"DMCTS-mean": 0.5773885350318471, "OOS-10000-epsilon-0.6-mean": 0.42261146496815294, "DMCTS": [0.7961783439490446, 0.7452229299363057, 0.6942675159235668, 0.8152866242038217, 0.6560509554140127, 0.7197452229299363, 0.7070063694267515, 0.7388535031847133, 0.7707006369426752, 0.5095541401273885, 0.31210191082802546, 0.8662420382165605, 0.3885350318471338, 0.5222929936305732, 0.445859872611465, 0.8280254777070064, 0.4267515923566879, 0.643312101910828, 0.9745222929936306, 0.47770700636942676, 0.6305732484076433, 0.36942675159235666, 0.7707006369426752, 0.6369426751592356, 0.3248407643312102, 0.7770700636942676, 0.2356687898089172, 0.21019108280254778, 0.17834394904458598, 0.40764331210191085, 0.3184713375796178, 0.3503184713375796, 0.2929936305732484, 0.4140127388535032, 0.2802547770700637, 0.5859872611464968, 0.4267515923566879, 0.49044585987261147, 0.28662420382165604, 0.4713375796178344, 0.7388535031847133, 0.7515923566878981, 0.3375796178343949, 0.643312101910828, 0.8280254777070064, 0.7961783439490446, 0.821656050955414, 0.802547770700637, 0.5796178343949044, 0.7452229299363057, 0.8535031847133758, 0.5159235668789809, 0.6942675159235668, 0.49044585987261147, 0.6369426751592356, 0.1464968152866242, 0.9363057324840764, 0.9299363057324841, 0.4012738853503185, 0.27388535031847133, 0.6687898089171974, 0.29936305732484075, 0.5286624203821656, 0.3885350318471338, 0.89171974522293, 0.7070063694267515, 0.821656050955414, 0.8280254777070064, 0.6369426751592356, 0.19745222929936307, 0.3885350318471338, 0.8535031847133758, 0.5987261146496815, 0.4267515923566879, 0.8853503184713376, 0.535031847133758, 0.4012738853503185, 0.5923566878980892, 0.43312101910828027, 0.27388535031847133, 1.0, 0.8280254777070064, 0.8407643312101911, 0.3503184713375796, 0.42038216560509556, 0.9171974522292994, 0.4840764331210191, 0.8726114649681529, 0.9872611464968153, 0.5923566878980892, 0.0, 0.5159235668789809, 0.8535031847133758, 0.11464968152866242, 0.7197452229299363, 0.5031847133757962, 0.35668789808917195, 0.8343949044585988, 0.5796178343949044, 0.1910828025477707], "OOS-10000-epsilon-0.6": [0.20382165605095542, 0.25477707006369427, 0.3057324840764331, 0.18471337579617833, 0.34394904458598724, 0.2802547770700637, 0.2929936305732484, 0.2611464968152866, 0.22929936305732485, 0.49044585987261147, 0.6878980891719745, 0.1337579617834395, 0.6114649681528662, 0.47770700636942676, 0.554140127388535, 0.17197452229299362, 0.5732484076433121, 0.35668789808917195, 0.025477707006369428, 0.5222929936305732, 0.36942675159235666, 0.6305732484076433, 0.22929936305732485, 0.3630573248407643, 0.6751592356687898, 0.2229299363057325, 0.7643312101910829, 0.7898089171974523, 0.821656050955414, 0.5923566878980892, 0.6815286624203821, 0.6496815286624203, 0.7070063694267515, 0.5859872611464968, 0.7197452229299363, 0.4140127388535032, 0.5732484076433121, 0.5095541401273885, 0.7133757961783439, 0.5286624203821656, 0.2611464968152866, 0.2484076433121019, 0.6624203821656051, 0.35668789808917195, 0.17197452229299362, 0.20382165605095542, 0.17834394904458598, 0.19745222929936307, 0.42038216560509556, 0.25477707006369427, 0.1464968152866242, 0.4840764331210191, 0.3057324840764331, 0.5095541401273885, 0.3630573248407643, 0.8535031847133758, 0.06369426751592357, 0.07006369426751592, 0.5987261146496815, 0.7261146496815286, 0.33121019108280253, 0.7006369426751592, 0.4713375796178344, 0.6114649681528662, 0.10828025477707007, 0.2929936305732484, 0.17834394904458598, 0.17197452229299362, 0.3630573248407643, 0.802547770700637, 0.6114649681528662, 0.1464968152866242, 0.4012738853503185, 0.5732484076433121, 0.11464968152866242, 0.46496815286624205, 0.5987261146496815, 0.40764331210191085, 0.5668789808917197, 0.7261146496815286, 0.0, 0.17197452229299362, 0.1592356687898089, 0.6496815286624203, 0.5796178343949044, 0.08280254777070063, 0.5159235668789809, 0.12738853503184713, 0.012738853503184714, 0.40764331210191085, 1.0, 0.4840764331210191, 0.1464968152866242, 0.8853503184713376, 0.2802547770700637, 0.4968152866242038, 0.643312101910828, 0.16560509554140126, 0.42038216560509556, 0.8089171974522293]}