{"DMCTS-mean": 0.6486725105631581, "OOS-100-v2-mean": 0.3513274894368418, "DMCTS": [0.5031847133757962, 0.24203821656050956, 0.4394904458598726, 0.46496815286624205, 0.9745222929936306, 0.5477707006369427, 0.7643312101910829, 0.8662420382165605, 0.7133757961783439, 0.47770700636942676, 0.1592356687898089, 0.3248407643312102, 0.5923566878980892, 0.7133757961783439, 0.8662420382165605, 0.535031847133758, 0.6815286624203821, 0.8662420382165605, 1.0, 0.5668789808917197, 0.9617834394904459, 0.6624203821656051, 0.8407643312101911, 0.4968152866242038, 0.6878980891719745, 0.6242038216560509, 0.9363057324840764, 0.9171974522292994, 0.18471337579617833, 0.9171974522292994, 0.6178343949044586, 0.47770700636942676, 0.802547770700637, 0.7834394904458599, 0.45222929936305734, 0.821656050955414, 0.8089171974522293, 0.5668789808917197, 0.8853503184713376, 0.6751592356687898, 0.8535031847133758, 0.643312101910828, 0.8089171974522293, 0.9235668789808917, 0.6624203821656051, 0.8280254777070064, 1.0, 0.27388535031847133, 0.910828025477707, 0.802547770700637, 0.7452229299363057, 0.4840764331210191, 0.6624203821656051, 0.5668789808917197, 0.31210191082802546, 0.8152866242038217, 0.802547770700637, 0.31210191082802546, 0.3885350318471338, 0.5222929936305732, 0.7898089171974523, 0.31210191082802546, 0.5222929936305732, 0.24203821656050956, 0.643312101910828, 0.89171974522293, 0.8662420382165605, 0.8089171974522293, 0.12101910828025478, 0.7070063694267515, 0.18471337579617833, 0.4394904458598726, 0.6050955414012739, 0.8789808917197452, 0.6305732484076433, 0.9171974522292994, 0.732484076433121, 0.5159235668789809, 0.5732484076433121, 0.535031847133758, 0.1910828025477707, 0.9872611464968153, 0.11464968152866242, 1.0, 0.8343949044585988, 1.0, 0.6687898089171974, 1.0, 0.8471337579617835, 0.8280254777070064, 0.6242038216560509, 0.7388535031847133, 0.43312101910828027, 0.7388535031847133, 0.8089171974522293, 0.22929936305732485, 0.7006369426751592, 0.35668789808917195, 0.7643312101910829, 0.9044585987261147, 0.08917197452229299], "OOS-100-v2": [0.4968152866242038, 0.7579617834394905, 0.5605095541401274, 0.535031847133758, 0.025477707006369428, 0.45222929936305734, 0.2356687898089172, 0.1337579617834395, 0.28662420382165604, 0.5222929936305732, 0.8407643312101911, 0.6751592356687898, 0.40764331210191085, 0.28662420382165604, 0.1337579617834395, 0.46496815286624205, 0.3184713375796178, 0.1337579617834395, 0.0, 0.43312101910828027, 0.03821656050955414, 0.3375796178343949, 0.1592356687898089, 0.5031847133757962, 0.31210191082802546, 0.37579617834394907, 0.06369426751592357, 0.08280254777070063, 0.8152866242038217, 0.08280254777070063, 0.3821656050955414, 0.5222929936305732, 0.19745222929936307, 0.21656050955414013, 0.5477707006369427, 0.17834394904458598, 0.1910828025477707, 0.43312101910828027, 0.11464968152866242, 0.3248407643312102, 0.1464968152866242, 0.35668789808917195, 0.1910828025477707, 0.07643312101910828, 0.3375796178343949, 0.17197452229299362, 0.0, 0.7261146496815286, 0.08917197452229299, 0.19745222929936307, 0.25477707006369427, 0.5159235668789809, 0.3375796178343949, 0.43312101910828027, 0.6878980891719745, 0.18471337579617833, 0.19745222929936307, 0.6878980891719745, 0.6114649681528662, 0.47770700636942676, 0.21019108280254778, 0.6878980891719745, 0.47770700636942676, 0.7579617834394905, 0.35668789808917195, 0.10828025477707007, 0.1337579617834395, 0.1910828025477707, 0.8789808917197452, 0.2929936305732484, 0.8152866242038217, 0.5605095541401274, 0.39490445859872614, 0.12101910828025478, 0.36942675159235666, 0.08280254777070063, 0.267515923566879, 0.4840764331210191, 0.4267515923566879, 0.46496815286624205, 0.8089171974522293, 0.012738853503184714, 0.8853503184713376, 0.0, 0.16560509554140126, 0.0, 0.33121019108280253, 0.0, 0.15286624203821655, 0.17197452229299362, 0.37579617834394907, 0.2611464968152866, 0.5668789808917197, 0.2611464968152866, 0.1910828025477707, 0.7707006369426752, 0.29936305732484075, 0.643312101910828, 0.2356687898089172, 0.09554140127388536, 0.910828025477707]}