{"DMCTS-mean": 0.5656807718988459, "OOS-100000-v2-mean": 0.4343192281011541, "DMCTS": [0.5796178343949044, 1.0, 0.6751592356687898, 0.29936305732484075, 0.47770700636942676, 0.910828025477707, 0.27388535031847133, 0.4267515923566879, 0.39490445859872614, 0.3375796178343949, 0.535031847133758, 0.09554140127388536, 0.5095541401273885, 0.45222929936305734, 0.43312101910828027, 0.8152866242038217, 0.9808917197452229, 1.0, 0.8853503184713376, 0.7261146496815286, 0.5668789808917197, 0.5796178343949044, 0.7515923566878981, 0.6369426751592356, 0.6496815286624203, 0.5031847133757962, 0.5414012738853503, 0.5668789808917197, 0.5414012738853503, 0.42038216560509556, 0.5668789808917197, 0.2229299363057325, 0.28662420382165604, 0.46496815286624205, 0.9171974522292994, 0.27388535031847133, 0.6624203821656051, 0.3503184713375796, 0.267515923566879, 0.5286624203821656, 0.3630573248407643, 0.8535031847133758, 0.3503184713375796, 0.5732484076433121, 0.3375796178343949, 0.4012738853503185, 0.37579617834394907, 0.6114649681528662, 0.8471337579617835, 0.5477707006369427, 0.2229299363057325, 0.7643312101910829, 0.6560509554140127, 0.9299363057324841, 0.27388535031847133, 0.5732484076433121, 0.35668789808917195, 0.31210191082802546, 0.7133757961783439, 0.8662420382165605, 0.643312101910828, 0.4267515923566879, 0.42038216560509556, 0.3821656050955414, 0.43312101910828027, 0.8535031847133758, 0.535031847133758, 0.821656050955414, 0.7261146496815286, 0.9235668789808917, 0.45222929936305734, 0.45222929936305734, 0.4968152866242038, 0.4267515923566879, 0.9363057324840764, 0.6242038216560509, 0.7515923566878981, 0.28662420382165604, 0.821656050955414, 0.9171974522292994, 0.8853503184713376, 0.4968152866242038, 0.8853503184713376, 0.910828025477707, 0.34394904458598724, 0.5923566878980892, 0.4840764331210191, 0.8152866242038217, 0.40764331210191085, 0.22929936305732485, 0.2802547770700637, 0.39490445859872614, 0.2802547770700637, 0.5159235668789809, 0.6624203821656051, 0.9171974522292994, 0.37579617834394907, 0.43312101910828027, 0.3885350318471338, 0.6242038216560509, 0.8407643312101911], "OOS-100000-v2": [0.42038216560509556, 0.0, 0.3248407643312102, 0.7006369426751592, 0.5222929936305732, 0.08917197452229299, 0.7261146496815286, 0.5732484076433121, 0.6050955414012739, 0.6624203821656051, 0.46496815286624205, 0.9044585987261147, 0.49044585987261147, 0.5477707006369427, 0.5668789808917197, 0.18471337579617833, 0.01910828025477707, 0.0, 0.11464968152866242, 0.27388535031847133, 0.43312101910828027, 0.42038216560509556, 0.2484076433121019, 0.3630573248407643, 0.3503184713375796, 0.4968152866242038, 0.4585987261146497, 0.43312101910828027, 0.4585987261146497, 0.5796178343949044, 0.43312101910828027, 0.7770700636942676, 0.7133757961783439, 0.535031847133758, 0.08280254777070063, 0.7261146496815286, 0.3375796178343949, 0.6496815286624203, 0.732484076433121, 0.4713375796178344, 0.6369426751592356, 0.1464968152866242, 0.6496815286624203, 0.4267515923566879, 0.6624203821656051, 0.5987261146496815, 0.6242038216560509, 0.3885350318471338, 0.15286624203821655, 0.45222929936305734, 0.7770700636942676, 0.2356687898089172, 0.34394904458598724, 0.07006369426751592, 0.7261146496815286, 0.4267515923566879, 0.643312101910828, 0.6878980891719745, 0.28662420382165604, 0.1337579617834395, 0.35668789808917195, 0.5732484076433121, 0.5796178343949044, 0.6178343949044586, 0.5668789808917197, 0.1464968152866242, 0.46496815286624205, 0.17834394904458598, 0.27388535031847133, 0.07643312101910828, 0.5477707006369427, 0.5477707006369427, 0.5031847133757962, 0.5732484076433121, 0.06369426751592357, 0.37579617834394907, 0.2484076433121019, 0.7133757961783439, 0.17834394904458598, 0.08280254777070063, 0.11464968152866242, 0.5031847133757962, 0.11464968152866242, 0.08917197452229299, 0.6560509554140127, 0.40764331210191085, 0.5159235668789809, 0.18471337579617833, 0.5923566878980892, 0.7707006369426752, 0.7197452229299363, 0.6050955414012739, 0.7197452229299363, 0.4840764331210191, 0.3375796178343949, 0.08280254777070063, 0.6242038216560509, 0.5668789808917197, 0.6114649681528662, 0.37579617834394907, 0.1592356687898089]}