{"DMCTS-mean": 0.6097622501103613, "OOS-1000-v2-mean": 0.3902377498896386, "DMCTS": [0.9681528662420382, 0.21019108280254778, 0.47770700636942676, 0.5286624203821656, 0.554140127388535, 0.554140127388535, 1.0, 1.0, 0.5796178343949044, 0.4267515923566879, 0.5159235668789809, 0.4713375796178344, 0.6496815286624203, 0.8471337579617835, 0.7643312101910829, 0.6751592356687898, 0.29936305732484075, 0.31210191082802546, 0.9617834394904459, 0.3248407643312102, 0.7006369426751592, 0.4585987261146497, 0.8980891719745223, 0.535031847133758, 0.9363057324840764, 0.4394904458598726, 0.47770700636942676, 0.6242038216560509, 1.0, 1.0, 0.37579617834394907, 0.40764331210191085, 0.28662420382165604, 0.7770700636942676, 0.39490445859872614, 0.4394904458598726, 0.8535031847133758, 1.0, 0.12738853503184713, 0.8662420382165605, 0.7133757961783439, 0.643312101910828, 0.6624203821656051, 0.6305732484076433, 0.2356687898089172, 0.7133757961783439, 0.554140127388535, 0.2802547770700637, 0.9044585987261147, 0.47770700636942676, 0.3248407643312102, 0.36942675159235666, 0.89171974522293, 0.6305732484076433, 1.0, 0.6815286624203821, 0.16560509554140126, 0.6496815286624203, 0.7452229299363057, 0.37579617834394907, 0.4713375796178344, 0.535031847133758, 0.4267515923566879, 0.7452229299363057, 0.6305732484076433, 0.9554140127388535, 0.6624203821656051, 0.5605095541401274, 0.5477707006369427, 0.821656050955414, 0.4012738853503185, 0.8407643312101911, 0.6815286624203821, 0.3885350318471338, 0.643312101910828, 0.7961783439490446, 0.8980891719745223, 0.9363057324840764, 0.5859872611464968, 0.5286624203821656, 0.6942675159235668, 0.3248407643312102, 0.4713375796178344, 0.9299363057324841, 0.732484076433121, 0.5605095541401274, 0.4713375796178344, 0.7452229299363057, 0.31210191082802546, 0.46496815286624205, 0.5031847133757962, 0.9681528662420382, 0.46496815286624205, 0.4267515923566879, 0.4968152866242038, 0.821656050955414, 0.6815286624203821, 0.5732484076433121, 0.6815286624203821, 0.33121019108280253, 0.5031847133757962], "OOS-1000-v2": [0.03184713375796178, 0.7898089171974523, 0.5222929936305732, 0.4713375796178344, 0.445859872611465, 0.445859872611465, 0.0, 0.0, 0.42038216560509556, 0.5732484076433121, 0.4840764331210191, 0.5286624203821656, 0.3503184713375796, 0.15286624203821655, 0.2356687898089172, 0.3248407643312102, 0.7006369426751592, 0.6878980891719745, 0.03821656050955414, 0.6751592356687898, 0.29936305732484075, 0.5414012738853503, 0.10191082802547771, 0.46496815286624205, 0.06369426751592357, 0.5605095541401274, 0.5222929936305732, 0.37579617834394907, 0.0, 0.0, 0.6242038216560509, 0.5923566878980892, 0.7133757961783439, 0.2229299363057325, 0.6050955414012739, 0.5605095541401274, 0.1464968152866242, 0.0, 0.8726114649681529, 0.1337579617834395, 0.28662420382165604, 0.35668789808917195, 0.3375796178343949, 0.36942675159235666, 0.7643312101910829, 0.28662420382165604, 0.445859872611465, 0.7197452229299363, 0.09554140127388536, 0.5222929936305732, 0.6751592356687898, 0.6305732484076433, 0.10828025477707007, 0.36942675159235666, 0.0, 0.3184713375796178, 0.8343949044585988, 0.3503184713375796, 0.25477707006369427, 0.6242038216560509, 0.5286624203821656, 0.46496815286624205, 0.5732484076433121, 0.25477707006369427, 0.36942675159235666, 0.044585987261146494, 0.3375796178343949, 0.4394904458598726, 0.45222929936305734, 0.17834394904458598, 0.5987261146496815, 0.1592356687898089, 0.3184713375796178, 0.6114649681528662, 0.35668789808917195, 0.20382165605095542, 0.10191082802547771, 0.06369426751592357, 0.4140127388535032, 0.4713375796178344, 0.3057324840764331, 0.6751592356687898, 0.5286624203821656, 0.07006369426751592, 0.267515923566879, 0.4394904458598726, 0.5286624203821656, 0.25477707006369427, 0.6878980891719745, 0.535031847133758, 0.4968152866242038, 0.03184713375796178, 0.535031847133758, 0.5732484076433121, 0.5031847133757962, 0.17834394904458598, 0.3184713375796178, 0.4267515923566879, 0.3184713375796178, 0.6687898089171974, 0.4968152866242038]}