{"DMCTS-mean": 0.6035820142523807, "OOS-10000-v4-mean": 0.39641798574761933, "DMCTS": [0.9299363057324841, 0.8789808917197452, 0.17197452229299362, 0.4713375796178344, 0.7006369426751592, 0.535031847133758, 0.40764331210191085, 0.8280254777070064, 0.6624203821656051, 0.4840764331210191, 0.03821656050955414, 0.5668789808917197, 0.5923566878980892, 0.24203821656050956, 0.7197452229299363, 0.910828025477707, 0.9044585987261147, 1.0, 0.09554140127388536, 0.7643312101910829, 0.9554140127388535, 0.43312101910828027, 0.910828025477707, 0.6560509554140127, 0.4968152866242038, 0.7770700636942676, 0.45222929936305734, 0.8407643312101911, 0.8471337579617835, 0.46496815286624205, 0.8089171974522293, 1.0, 0.8471337579617835, 0.5477707006369427, 0.22929936305732485, 0.6114649681528662, 0.49044585987261147, 0.8662420382165605, 0.45222929936305734, 0.4267515923566879, 0.802547770700637, 0.8280254777070064, 0.5414012738853503, 0.8598726114649682, 0.4713375796178344, 0.6687898089171974, 0.3885350318471338, 0.45222929936305734, 0.6624203821656051, 0.4267515923566879, 0.732484076433121, 0.5414012738853503, 0.6815286624203821, 0.5159235668789809, 0.4394904458598726, 0.5031847133757962, 0.16560509554140126, 0.8789808917197452, 0.4394904458598726, 0.3885350318471338, 0.7388535031847133, 0.821656050955414, 0.89171974522293, 0.7388535031847133, 0.43312101910828027, 0.29936305732484075, 0.4968152866242038, 0.6942675159235668, 1.0, 0.8853503184713376, 0.6496815286624203, 0.643312101910828, 0.5668789808917197, 0.554140127388535, 0.7388535031847133, 0.2611464968152866, 0.6878980891719745, 0.643312101910828, 0.821656050955414, 0.49044585987261147, 0.46496815286624205, 1.0, 0.5732484076433121, 0.5477707006369427, 0.29936305732484075, 0.4840764331210191, 0.0, 0.6242038216560509, 0.19745222929936307, 0.49044585987261147, 0.5159235668789809, 0.4012738853503185, 0.643312101910828, 0.7452229299363057, 0.5222929936305732, 0.9745222929936306, 0.40764331210191085, 0.5414012738853503, 0.554140127388535, 0.6114649681528662, 0.8980891719745223], "OOS-10000-v4": [0.07006369426751592, 0.12101910828025478, 0.8280254777070064, 0.5286624203821656, 0.29936305732484075, 0.46496815286624205, 0.5923566878980892, 0.17197452229299362, 0.3375796178343949, 0.5159235668789809, 0.9617834394904459, 0.43312101910828027, 0.40764331210191085, 0.7579617834394905, 0.2802547770700637, 0.08917197452229299, 0.09554140127388536, 0.0, 0.9044585987261147, 0.2356687898089172, 0.044585987261146494, 0.5668789808917197, 0.08917197452229299, 0.34394904458598724, 0.5031847133757962, 0.2229299363057325, 0.5477707006369427, 0.1592356687898089, 0.15286624203821655, 0.535031847133758, 0.1910828025477707, 0.0, 0.15286624203821655, 0.45222929936305734, 0.7707006369426752, 0.3885350318471338, 0.5095541401273885, 0.1337579617834395, 0.5477707006369427, 0.5732484076433121, 0.19745222929936307, 0.17197452229299362, 0.4585987261146497, 0.14012738853503184, 0.5286624203821656, 0.33121019108280253, 0.6114649681528662, 0.5477707006369427, 0.3375796178343949, 0.5732484076433121, 0.267515923566879, 0.4585987261146497, 0.3184713375796178, 0.4840764331210191, 0.5605095541401274, 0.4968152866242038, 0.8343949044585988, 0.12101910828025478, 0.5605095541401274, 0.6114649681528662, 0.2611464968152866, 0.17834394904458598, 0.10828025477707007, 0.2611464968152866, 0.5668789808917197, 0.7006369426751592, 0.5031847133757962, 0.3057324840764331, 0.0, 0.11464968152866242, 0.3503184713375796, 0.35668789808917195, 0.43312101910828027, 0.445859872611465, 0.2611464968152866, 0.7388535031847133, 0.31210191082802546, 0.35668789808917195, 0.17834394904458598, 0.5095541401273885, 0.535031847133758, 0.0, 0.4267515923566879, 0.45222929936305734, 0.7006369426751592, 0.5159235668789809, 1.0, 0.37579617834394907, 0.802547770700637, 0.5095541401273885, 0.4840764331210191, 0.5987261146496815, 0.35668789808917195, 0.25477707006369427, 0.47770700636942676, 0.025477707006369428, 0.5923566878980892, 0.4585987261146497, 0.445859872611465, 0.3885350318471338, 0.10191082802547771]}