{"DMCTS-mean": 0.5981585419688464, "OOS-1000-v3-mean": 0.4018414580311535, "DMCTS": [0.46496815286624205, 0.5159235668789809, 0.3248407643312102, 0.8789808917197452, 0.445859872611465, 0.9745222929936306, 0.8280254777070064, 0.1910828025477707, 0.6305732484076433, 0.3503184713375796, 0.37579617834394907, 0.4394904458598726, 0.4968152866242038, 1.0, 0.802547770700637, 0.24203821656050956, 0.4267515923566879, 0.7770700636942676, 0.8280254777070064, 0.9681528662420382, 0.8535031847133758, 0.821656050955414, 0.39490445859872614, 0.5732484076433121, 0.7006369426751592, 1.0, 0.5923566878980892, 0.5286624203821656, 0.6751592356687898, 0.7006369426751592, 0.5031847133757962, 0.4267515923566879, 0.27388535031847133, 0.3503184713375796, 0.42038216560509556, 0.6178343949044586, 0.6687898089171974, 0.6878980891719745, 0.6305732484076433, 0.5222929936305732, 0.732484076433121, 0.2929936305732484, 0.7133757961783439, 0.5668789808917197, 0.35668789808917195, 0.6050955414012739, 0.7834394904458599, 1.0, 0.9299363057324841, 0.5987261146496815, 0.5031847133757962, 0.37579617834394907, 0.5923566878980892, 0.3184713375796178, 0.9299363057324841, 0.7961783439490446, 1.0, 0.16560509554140126, 0.1592356687898089, 0.7070063694267515, 0.4713375796178344, 0.6178343949044586, 0.3630573248407643, 0.8471337579617835, 0.21656050955414013, 0.4394904458598726, 0.535031847133758, 0.910828025477707, 0.9872611464968153, 0.6815286624203821, 0.9617834394904459, 0.5732484076433121, 0.5031847133757962, 0.6942675159235668, 0.47770700636942676, 0.8789808917197452, 0.37579617834394907, 0.6305732484076433, 0.5414012738853503, 0.8662420382165605, 0.7388535031847133, 0.3184713375796178, 0.16560509554140126, 0.3375796178343949, 0.3503184713375796, 0.4140127388535032, 0.9171974522292994, 0.2229299363057325, 0.554140127388535, 0.9872611464968153, 0.4267515923566879, 0.5796178343949044, 0.8407643312101911, 0.8598726114649682, 0.2802547770700637, 0.5732484076433121, 0.45222929936305734, 0.6687898089171974, 0.8662420382165605, 0.4394904458598726, 0.8152866242038217], "OOS-1000-v3": [0.535031847133758, 0.4840764331210191, 0.6751592356687898, 0.12101910828025478, 0.554140127388535, 0.025477707006369428, 0.17197452229299362, 0.8089171974522293, 0.36942675159235666, 0.6496815286624203, 0.6242038216560509, 0.5605095541401274, 0.5031847133757962, 0.0, 0.19745222929936307, 0.7579617834394905, 0.5732484076433121, 0.2229299363057325, 0.17197452229299362, 0.03184713375796178, 0.1464968152866242, 0.17834394904458598, 0.6050955414012739, 0.4267515923566879, 0.29936305732484075, 0.0, 0.40764331210191085, 0.4713375796178344, 0.3248407643312102, 0.29936305732484075, 0.4968152866242038, 0.5732484076433121, 0.7261146496815286, 0.6496815286624203, 0.5796178343949044, 0.3821656050955414, 0.33121019108280253, 0.31210191082802546, 0.36942675159235666, 0.47770700636942676, 0.267515923566879, 0.7070063694267515, 0.28662420382165604, 0.43312101910828027, 0.643312101910828, 0.39490445859872614, 0.21656050955414013, 0.0, 0.07006369426751592, 0.4012738853503185, 0.4968152866242038, 0.6242038216560509, 0.40764331210191085, 0.6815286624203821, 0.07006369426751592, 0.20382165605095542, 0.0, 0.8343949044585988, 0.8407643312101911, 0.2929936305732484, 0.5286624203821656, 0.3821656050955414, 0.6369426751592356, 0.15286624203821655, 0.7834394904458599, 0.5605095541401274, 0.46496815286624205, 0.08917197452229299, 0.012738853503184714, 0.3184713375796178, 0.03821656050955414, 0.4267515923566879, 0.4968152866242038, 0.3057324840764331, 0.5222929936305732, 0.12101910828025478, 0.6242038216560509, 0.36942675159235666, 0.4585987261146497, 0.1337579617834395, 0.2611464968152866, 0.6815286624203821, 0.8343949044585988, 0.6624203821656051, 0.6496815286624203, 0.5859872611464968, 0.08280254777070063, 0.7770700636942676, 0.445859872611465, 0.012738853503184714, 0.5732484076433121, 0.42038216560509556, 0.1592356687898089, 0.14012738853503184, 0.7197452229299363, 0.4267515923566879, 0.5477707006369427, 0.33121019108280253, 0.1337579617834395, 0.5605095541401274, 0.18471337579617833]}