{"DMCTS-mean": 0.5669745222929936, "OOS-100000-mean": 0.4330254777070064, "DMCTS": [0.36942675159235666, 0.7643312101910829, 0.9299363057324841, 0.5859872611464968, 0.42038216560509556, 0.9044585987261147, 0.6815286624203821, 0.7643312101910829, 0.643312101910828, 0.535031847133758, 0.6687898089171974, 0.267515923566879, 0.3630573248407643, 0.4012738853503185, 0.044585987261146494, 1.0, 0.802547770700637, 0.2929936305732484, 0.6178343949044586, 0.445859872611465, 0.7579617834394905, 0.6751592356687898, 0.2802547770700637, 0.910828025477707, 0.802547770700637, 0.3885350318471338, 0.6942675159235668, 0.802547770700637, 0.3248407643312102, 0.2802547770700637, 0.8980891719745223, 0.5159235668789809, 0.6496815286624203, 0.6624203821656051, 0.4394904458598726, 0.7133757961783439, 0.33121019108280253, 0.31210191082802546, 0.4267515923566879, 0.17834394904458598, 0.46496815286624205, 0.39490445859872614, 0.9044585987261147, 0.5796178343949044, 0.9363057324840764, 0.3821656050955414, 0.2802547770700637, 0.4267515923566879, 0.9681528662420382, 0.6242038216560509, 0.267515923566879, 0.7070063694267515, 0.8152866242038217, 0.3503184713375796, 0.7006369426751592, 0.5605095541401274, 0.45222929936305734, 0.3821656050955414, 0.8598726114649682, 0.31210191082802546, 0.5923566878980892, 0.3885350318471338, 0.5031847133757962, 0.89171974522293, 0.5605095541401274, 0.4968152866242038, 0.6242038216560509, 0.7898089171974523, 0.7515923566878981, 0.6687898089171974, 0.5222929936305732, 0.5159235668789809, 0.37579617834394907, 0.5923566878980892, 0.6242038216560509, 0.445859872611465, 0.4012738853503185, 0.28662420382165604, 0.6751592356687898, 0.8662420382165605, 0.39490445859872614, 0.5668789808917197, 0.445859872611465, 0.2802547770700637, 0.8598726114649682, 1.0, 0.6496815286624203, 0.8407643312101911, 0.33121019108280253, 0.6624203821656051, 0.6751592356687898, 0.8471337579617835, 0.34394904458598724, 0.5605095541401274, 0.7579617834394905, 0.35668789808917195, 0.08280254777070063, 0.6815286624203821, 0.9299363057324841, 0.22929936305732485, 0.9171974522292994, 0.5605095541401274, 0.6751592356687898, 0.42038216560509556, 0.22929936305732485, 0.31210191082802546, 0.2929936305732484, 0.7961783439490446, 0.6369426751592356, 0.39490445859872614, 0.7197452229299363, 0.3248407643312102, 0.31210191082802546, 0.45222929936305734, 0.17834394904458598, 0.4267515923566879, 0.6114649681528662, 0.7006369426751592, 0.9171974522292994, 0.20382165605095542, 0.5414012738853503, 0.3248407643312102, 0.10828025477707007, 0.4140127388535032, 0.732484076433121, 0.6305732484076433, 0.7197452229299363, 1.0, 0.9426751592356688, 0.802547770700637, 0.4585987261146497, 0.36942675159235666, 0.6687898089171974, 0.7898089171974523, 0.5859872611464968, 0.6751592356687898, 0.5095541401273885, 0.7388535031847133, 0.267515923566879, 0.2484076433121019, 0.732484076433121, 0.5414012738853503, 0.732484076433121, 0.2229299363057325, 0.31210191082802546, 0.9808917197452229, 0.35668789808917195, 0.5796178343949044, 0.5031847133757962, 0.6242038216560509, 0.5095541401273885, 0.4968152866242038, 0.45222929936305734, 0.17834394904458598, 0.5414012738853503, 0.8280254777070064, 0.5222929936305732, 0.43312101910828027, 0.6305732484076433, 0.6815286624203821, 0.43312101910828027, 0.732484076433121, 0.5668789808917197, 0.4840764331210191, 0.10828025477707007, 0.3885350318471338, 0.4585987261146497, 0.643312101910828, 0.4267515923566879, 0.2356687898089172, 0.29936305732484075, 0.8662420382165605, 0.3630573248407643, 1.0, 0.7452229299363057, 0.33121019108280253, 0.5286624203821656, 0.6050955414012739, 0.9554140127388535, 0.7834394904458599, 0.8980891719745223, 0.4585987261146497, 0.7006369426751592, 0.5031847133757962, 0.6369426751592356, 0.6560509554140127, 0.8407643312101911, 0.6560509554140127, 0.6496815286624203, 0.8662420382165605, 0.267515923566879, 0.5031847133757962, 0.5222929936305732, 0.7770700636942676, 0.6560509554140127, 0.6815286624203821, 0.5605095541401274, 0.5923566878980892, 0.7707006369426752, 0.7834394904458599],