{"DMCTS-mean": 0.7160149212068921, "OOS-10-v3-mean": 0.2839850787931078, "DMCTS": [0.7452229299363057, 1.0, 0.8471337579617835, 0.9299363057324841, 0.8726114649681529, 0.802547770700637, 0.7707006369426752, 1.0, 0.6687898089171974, 0.7388535031847133, 0.8662420382165605, 0.40764331210191085, 0.9299363057324841, 1.0, 0.910828025477707, 0.6624203821656051, 0.821656050955414, 0.46496815286624205, 0.8471337579617835, 0.27388535031847133, 0.2929936305732484, 0.6942675159235668, 0.7388535031847133, 0.802547770700637, 0.6242038216560509, 0.6878980891719745, 0.643312101910828, 0.6942675159235668, 0.6369426751592356, 0.8598726114649682, 0.6242038216560509, 0.3248407643312102, 0.5222929936305732, 0.8853503184713376, 0.6751592356687898, 0.4968152866242038, 0.6624203821656051, 0.7579617834394905, 0.5859872611464968, 1.0, 0.802547770700637, 0.8471337579617835, 0.9426751592356688, 0.267515923566879, 0.7579617834394905, 0.46496815286624205, 0.5414012738853503, 0.4585987261146497, 0.9044585987261147, 0.9171974522292994, 0.6560509554140127, 0.9426751592356688, 0.8089171974522293, 0.7834394904458599, 0.910828025477707, 0.6050955414012739, 0.7133757961783439, 0.9044585987261147, 0.7834394904458599, 0.3885350318471338, 0.8853503184713376, 0.2929936305732484, 0.9745222929936306, 0.7834394904458599, 0.6560509554140127, 0.9235668789808917, 0.5796178343949044, 0.9044585987261147, 0.9426751592356688, 0.6687898089171974, 0.5222929936305732, 0.7643312101910829, 0.9617834394904459, 1.0, 0.4267515923566879, 0.7388535031847133, 0.28662420382165604, 0.8662420382165605, 0.8726114649681529, 0.643312101910828, 0.821656050955414, 0.7834394904458599, 0.6942675159235668, 1.0, 0.910828025477707, 0.7261146496815286, 0.9872611464968153, 0.8980891719745223, 0.6624203821656051, 0.8471337579617835, 0.08280254777070063, 0.5477707006369427, 0.9745222929936306, 0.46496815286624205, 0.6242038216560509, 0.2229299363057325, 0.9808917197452229, 0.9745222929936306, 0.5859872611464968, 0.732484076433121, 1.0, 0.39490445859872614, 0.7452229299363057, 0.6687898089171974, 0.8789808917197452, 0.8089171974522293, 0.9044585987261147, 0.9745222929936306, 0.9426751592356688, 0.8598726114649682, 0.8853503184713376, 1.0, 0.8152866242038217, 0.9363057324840764, 0.8471337579617835, 0.6942675159235668, 0.5987261146496815, 0.47770700636942676, 0.554140127388535, 0.8535031847133758, 0.8662420382165605, 0.7452229299363057, 0.4140127388535032, 0.6624203821656051, 0.6496815286624203, 0.6050955414012739, 1.0, 1.0, 0.9299363057324841, 0.49044585987261147, 0.7579617834394905, 0.4713375796178344, 0.5222929936305732, 0.47770700636942676, 0.6751592356687898, 0.2611464968152866, 0.9044585987261147, 0.7898089171974523, 0.7452229299363057, 0.6815286624203821, 0.9617834394904459, 0.7197452229299363, 0.445859872611465, 0.8407643312101911, 1.0, 0.1464968152866242, 0.5031847133757962, 0.1910828025477707, 0.7261146496815286, 0.6050955414012739, 0.7133757961783439, 0.6878980891719745, 0.802547770700637, 0.2611464968152866, 0.6369426751592356, 0.7707006369426752, 0.7197452229299363, 0.643312101910828, 0.89171974522293, 0.8535031847133758, 0.8280254777070064, 0.4968152866242038, 0.34394904458598724, 0.7579617834394905, 0.8662420382165605, 0.8535031847133758, 0.9490445859872612, 0.49044585987261147, 0.5159235668789809, 0.6305732484076433, 0.3630573248407643, 0.9044585987261147, 0.6050955414012739, 0.7197452229299363, 0.802547770700637, 0.4713375796178344, 0.6369426751592356, 0.6560509554140127, 0.8789808917197452, 1.0, 0.8407643312101911, 0.8662420382165605, 0.6050955414012739, 1.0, 0.5222929936305732, 0.6815286624203821, 0.14012738853503184, 0.7834394904458599, 0.9171974522292994, 0.6496815286624203, 0.1464968152866242, 0.8662420382165605, 1.0, 0.7388535031847133, 0.4140127388535032, 0.9681528662420382, 0.45222929936305734, 0.5668789808917197, 0.35668789808917195, 0.9044585987261147, 0.9171974522292994, 0.8980891719745223, 0.8152866242038217, 0.4968152866242038, 0.6942675159235668, 0.802547770700637, 0.6305732484076433, 1.0, 0.6878980891719745, 1.0, 0.9299363057324841, 0.8343949044585988, 0.8789808917197452, 0.9235668789808917, 0.8152866242038217, 0.8789808917197452, 0.3248407643312102, 0.4713375796178344, 0.5159235668789809, 0.6369426751592356, 0.7133757961783439, 1.0, 0.8152866242038217, 0.7070063694267515, 1.0, 0.9426751592356688, 0.5222929936305732, 0.9171974522292994, 0.6560509554140127, 0.5859872611464968, 0.8535031847133758, 0.3821656050955414, 0.8980891719745223, 0.35668789808917195, 0.8343949044585988, 0.3503184713375796, 0.7261146496815286, 0.7197452229299363, 0.3630573248407643, 0.89171974522293, 0.5222929936305732, 0.6815286624203821, 0.5605095541401274, 0.6496815286624203, 1.0, 0.8280254777070064, 0.7898089171974523, 1.0, 1.0, 0.821656050955414, 0.28662420382165604],