{"DMCTS-mean": 0.6288705303651385, "OOS-10000-epsilon-0.4-mean": 0.37112946963486154, "DMCTS": [0.9044585987261147, 0.7133757961783439, 0.8726114649681529, 0.8280254777070064, 0.4713375796178344, 0.6114649681528662, 0.7261146496815286, 0.910828025477707, 0.7834394904458599, 0.9681528662420382, 0.8407643312101911, 0.6242038216560509, 0.8662420382165605, 0.554140127388535, 0.6242038216560509, 0.6242038216560509, 0.7388535031847133, 0.5159235668789809, 0.7452229299363057, 0.31210191082802546, 0.29936305732484075, 1.0, 0.3503184713375796, 0.5668789808917197, 0.49044585987261147, 0.5923566878980892, 0.4267515923566879, 0.5222929936305732, 0.4840764331210191, 0.802547770700637, 0.5031847133757962, 0.6178343949044586, 0.5796178343949044, 0.3375796178343949, 0.6687898089171974, 0.5414012738853503, 1.0, 0.4585987261146497, 0.535031847133758, 0.7834394904458599, 0.9044585987261147, 0.5796178343949044, 0.7898089171974523, 0.7388535031847133, 0.7515923566878981, 0.07643312101910828, 0.8726114649681529, 0.7515923566878981, 0.8726114649681529, 0.8980891719745223, 0.6178343949044586, 0.3630573248407643, 0.8662420382165605, 0.5414012738853503, 0.5159235668789809, 0.9235668789808917, 0.5286624203821656, 0.7133757961783439, 0.5414012738853503, 0.47770700636942676, 0.7197452229299363, 0.43312101910828027, 0.535031847133758, 0.40764331210191085, 0.43312101910828027, 0.45222929936305734, 0.7388535031847133, 0.3375796178343949, 0.5477707006369427, 0.9363057324840764, 0.4140127388535032, 0.6178343949044586, 0.4713375796178344, 0.535031847133758, 0.5477707006369427, 0.5987261146496815, 0.2229299363057325, 0.14012738853503184, 0.4840764331210191, 0.910828025477707, 0.7452229299363057, 0.8853503184713376, 0.6305732484076433, 0.46496815286624205, 0.8089171974522293, 0.445859872611465, 0.3503184713375796, 0.7707006369426752, 0.46496815286624205, 0.8980891719745223, 0.3057324840764331, 0.5159235668789809, 0.910828025477707, 0.5286624203821656, 0.6114649681528662, 0.6687898089171974, 0.6050955414012739, 0.7515923566878981, 0.7643312101910829, 1.0, 0.7834394904458599], "OOS-10000-epsilon-0.4": [0.09554140127388536, 0.28662420382165604, 0.12738853503184713, 0.17197452229299362, 0.5286624203821656, 0.3885350318471338, 0.27388535031847133, 0.08917197452229299, 0.21656050955414013, 0.03184713375796178, 0.1592356687898089, 0.37579617834394907, 0.1337579617834395, 0.445859872611465, 0.37579617834394907, 0.37579617834394907, 0.2611464968152866, 0.4840764331210191, 0.25477707006369427, 0.6878980891719745, 0.7006369426751592, 0.0, 0.6496815286624203, 0.43312101910828027, 0.5095541401273885, 0.40764331210191085, 0.5732484076433121, 0.47770700636942676, 0.5159235668789809, 0.19745222929936307, 0.4968152866242038, 0.3821656050955414, 0.42038216560509556, 0.6624203821656051, 0.33121019108280253, 0.4585987261146497, 0.0, 0.5414012738853503, 0.46496815286624205, 0.21656050955414013, 0.09554140127388536, 0.42038216560509556, 0.21019108280254778, 0.2611464968152866, 0.2484076433121019, 0.9235668789808917, 0.12738853503184713, 0.2484076433121019, 0.12738853503184713, 0.10191082802547771, 0.3821656050955414, 0.6369426751592356, 0.1337579617834395, 0.4585987261146497, 0.4840764331210191, 0.07643312101910828, 0.4713375796178344, 0.28662420382165604, 0.4585987261146497, 0.5222929936305732, 0.2802547770700637, 0.5668789808917197, 0.46496815286624205, 0.5923566878980892, 0.5668789808917197, 0.5477707006369427, 0.2611464968152866, 0.6624203821656051, 0.45222929936305734, 0.06369426751592357, 0.5859872611464968, 0.3821656050955414, 0.5286624203821656, 0.46496815286624205, 0.45222929936305734, 0.4012738853503185, 0.7770700636942676, 0.8598726114649682, 0.5159235668789809, 0.08917197452229299, 0.25477707006369427, 0.11464968152866242, 0.36942675159235666, 0.535031847133758, 0.1910828025477707, 0.554140127388535, 0.6496815286624203, 0.22929936305732485, 0.535031847133758, 0.10191082802547771, 0.6942675159235668, 0.4840764331210191, 0.08917197452229299, 0.4713375796178344, 0.3885350318471338, 0.33121019108280253, 0.39490445859872614, 0.2484076433121019, 0.2356687898089172, 0.0, 0.21656050955414013]}