{"DMCTS-mean": 0.6250236488617014, "OOS-100-v2-mean": 0.3749763511382986, "DMCTS": [0.5159235668789809, 0.3503184713375796, 0.5414012738853503, 0.6624203821656051, 0.9745222929936306, 0.89171974522293, 0.46496815286624205, 0.4140127388535032, 0.5095541401273885, 0.821656050955414, 0.554140127388535, 0.5859872611464968, 0.5859872611464968, 0.8152866242038217, 0.8535031847133758, 0.5732484076433121, 1.0, 0.4267515923566879, 0.89171974522293, 0.9044585987261147, 1.0, 0.21019108280254778, 0.6496815286624203, 0.5987261146496815, 0.6369426751592356, 0.22929936305732485, 0.7452229299363057, 0.6050955414012739, 0.910828025477707, 0.4012738853503185, 0.45222929936305734, 0.6942675159235668, 0.7452229299363057, 0.9044585987261147, 0.35668789808917195, 0.7961783439490446, 0.7579617834394905, 0.09554140127388536, 0.6560509554140127, 0.89171974522293, 0.445859872611465, 0.4840764331210191, 0.3184713375796178, 0.802547770700637, 0.5859872611464968, 0.1464968152866242, 0.4840764331210191, 0.05732484076433121, 0.6624203821656051, 0.6369426751592356, 0.8407643312101911, 0.535031847133758, 0.29936305732484075, 0.6178343949044586, 0.5605095541401274, 0.8152866242038217, 0.821656050955414, 0.5031847133757962, 1.0, 0.7006369426751592, 0.6242038216560509, 0.554140127388535, 0.9617834394904459, 0.43312101910828027, 0.3821656050955414, 0.8853503184713376, 0.8343949044585988, 0.89171974522293, 1.0, 0.7261146496815286, 0.6751592356687898, 0.5859872611464968, 0.9299363057324841, 0.8471337579617835, 0.7707006369426752, 0.06369426751592357, 0.46496815286624205, 0.4968152866242038, 0.35668789808917195, 0.8726114649681529, 0.7898089171974523, 0.5414012738853503, 0.445859872611465, 0.36942675159235666, 0.8343949044585988, 0.1910828025477707, 0.43312101910828027, 0.6751592356687898, 0.7579617834394905, 0.7579617834394905, 0.29936305732484075, 0.6369426751592356, 0.7261146496815286, 0.5286624203821656, 0.535031847133758, 0.46496815286624205, 0.06369426751592357, 1.0, 0.9872611464968153, 0.9872611464968153, 0.7515923566878981], "OOS-100-v2": [0.4840764331210191, 0.6496815286624203, 0.4585987261146497, 0.3375796178343949, 0.025477707006369428, 0.10828025477707007, 0.535031847133758, 0.5859872611464968, 0.49044585987261147, 0.17834394904458598, 0.445859872611465, 0.4140127388535032, 0.4140127388535032, 0.18471337579617833, 0.1464968152866242, 0.4267515923566879, 0.0, 0.5732484076433121, 0.10828025477707007, 0.09554140127388536, 0.0, 0.7898089171974523, 0.3503184713375796, 0.4012738853503185, 0.3630573248407643, 0.7707006369426752, 0.25477707006369427, 0.39490445859872614, 0.08917197452229299, 0.5987261146496815, 0.5477707006369427, 0.3057324840764331, 0.25477707006369427, 0.09554140127388536, 0.643312101910828, 0.20382165605095542, 0.24203821656050956, 0.9044585987261147, 0.34394904458598724, 0.10828025477707007, 0.554140127388535, 0.5159235668789809, 0.6815286624203821, 0.19745222929936307, 0.4140127388535032, 0.8535031847133758, 0.5159235668789809, 0.9426751592356688, 0.3375796178343949, 0.3630573248407643, 0.1592356687898089, 0.46496815286624205, 0.7006369426751592, 0.3821656050955414, 0.4394904458598726, 0.18471337579617833, 0.17834394904458598, 0.4968152866242038, 0.0, 0.29936305732484075, 0.37579617834394907, 0.445859872611465, 0.03821656050955414, 0.5668789808917197, 0.6178343949044586, 0.11464968152866242, 0.16560509554140126, 0.10828025477707007, 0.0, 0.27388535031847133, 0.3248407643312102, 0.4140127388535032, 0.07006369426751592, 0.15286624203821655, 0.22929936305732485, 0.9363057324840764, 0.535031847133758, 0.5031847133757962, 0.643312101910828, 0.12738853503184713, 0.21019108280254778, 0.4585987261146497, 0.554140127388535, 0.6305732484076433, 0.16560509554140126, 0.8089171974522293, 0.5668789808917197, 0.3248407643312102, 0.24203821656050956, 0.24203821656050956, 0.7006369426751592, 0.3630573248407643, 0.27388535031847133, 0.4713375796178344, 0.46496815286624205, 0.535031847133758, 0.9363057324840764, 0.0, 0.012738853503184714, 0.012738853503184714, 0.2484076433121019]}