{"DMCTS-mean": 0.6268524941666141, "OOS-1000-v3-mean": 0.37314750583338596, "DMCTS": [0.49044585987261147, 0.7643312101910829, 0.7770700636942676, 0.5159235668789809, 0.7261146496815286, 0.7707006369426752, 0.9044585987261147, 0.802547770700637, 0.6815286624203821, 0.535031847133758, 0.6624203821656051, 0.40764331210191085, 0.6878980891719745, 0.19745222929936307, 0.5414012738853503, 0.8280254777070064, 0.9617834394904459, 0.27388535031847133, 0.7197452229299363, 0.6050955414012739, 0.802547770700637, 0.9235668789808917, 0.3630573248407643, 0.5923566878980892, 0.45222929936305734, 1.0, 0.1592356687898089, 0.21656050955414013, 0.5859872611464968, 0.7133757961783439, 0.0, 0.9044585987261147, 0.4140127388535032, 0.643312101910828, 0.28662420382165604, 0.46496815286624205, 0.8853503184713376, 0.7770700636942676, 0.7515923566878981, 0.5859872611464968, 0.2229299363057325, 0.7898089171974523, 0.7197452229299363, 0.36942675159235666, 0.45222929936305734, 0.37579617834394907, 0.46496815286624205, 0.8152866242038217, 0.8726114649681529, 0.4140127388535032, 0.46496815286624205, 0.9044585987261147, 0.7070063694267515, 0.9554140127388535, 0.42038216560509556, 0.6242038216560509, 0.9363057324840764, 0.8280254777070064, 0.6178343949044586, 0.802547770700637, 0.7770700636942676, 0.9235668789808917, 0.8471337579617835, 0.8280254777070064, 0.7133757961783439, 0.8662420382165605, 0.6496815286624203, 0.6942675159235668, 0.6050955414012739, 0.7197452229299363, 0.6624203821656051, 0.5923566878980892, 0.47770700636942676, 0.6305732484076433, 0.4267515923566879, 0.46496815286624205, 0.5477707006369427, 0.6369426751592356, 0.6178343949044586, 0.47770700636942676, 0.9044585987261147, 0.8407643312101911, 0.35668789808917195, 0.4394904458598726, 0.6878980891719745, 0.8407643312101911, 0.8535031847133758, 0.6624203821656051, 1.0, 0.3375796178343949, 0.643312101910828, 0.6878980891719745, 0.17834394904458598, 0.37579617834394907, 0.6560509554140127, 0.7388535031847133, 0.45222929936305734, 0.8535031847133758, 0.4968152866242038, 0.6496815286624203, 0.3630573248407643], "OOS-1000-v3": [0.5095541401273885, 0.2356687898089172, 0.2229299363057325, 0.4840764331210191, 0.27388535031847133, 0.22929936305732485, 0.09554140127388536, 0.19745222929936307, 0.3184713375796178, 0.46496815286624205, 0.3375796178343949, 0.5923566878980892, 0.31210191082802546, 0.802547770700637, 0.4585987261146497, 0.17197452229299362, 0.03821656050955414, 0.7261146496815286, 0.2802547770700637, 0.39490445859872614, 0.19745222929936307, 0.07643312101910828, 0.6369426751592356, 0.40764331210191085, 0.5477707006369427, 0.0, 0.8407643312101911, 0.7834394904458599, 0.4140127388535032, 0.28662420382165604, 1.0, 0.09554140127388536, 0.5859872611464968, 0.35668789808917195, 0.7133757961783439, 0.535031847133758, 0.11464968152866242, 0.2229299363057325, 0.2484076433121019, 0.4140127388535032, 0.7770700636942676, 0.21019108280254778, 0.2802547770700637, 0.6305732484076433, 0.5477707006369427, 0.6242038216560509, 0.535031847133758, 0.18471337579617833, 0.12738853503184713, 0.5859872611464968, 0.535031847133758, 0.09554140127388536, 0.2929936305732484, 0.044585987261146494, 0.5796178343949044, 0.37579617834394907, 0.06369426751592357, 0.17197452229299362, 0.3821656050955414, 0.19745222929936307, 0.2229299363057325, 0.07643312101910828, 0.15286624203821655, 0.17197452229299362, 0.28662420382165604, 0.1337579617834395, 0.3503184713375796, 0.3057324840764331, 0.39490445859872614, 0.2802547770700637, 0.3375796178343949, 0.40764331210191085, 0.5222929936305732, 0.36942675159235666, 0.5732484076433121, 0.535031847133758, 0.45222929936305734, 0.3630573248407643, 0.3821656050955414, 0.5222929936305732, 0.09554140127388536, 0.1592356687898089, 0.643312101910828, 0.5605095541401274, 0.31210191082802546, 0.1592356687898089, 0.1464968152866242, 0.3375796178343949, 0.0, 0.6624203821656051, 0.35668789808917195, 0.31210191082802546, 0.821656050955414, 0.6242038216560509, 0.34394904458598724, 0.2611464968152866, 0.5477707006369427, 0.1464968152866242, 0.5031847133757962, 0.3503184713375796, 0.6369426751592356]}