{"DMCTS-mean": 0.619171974522293, "OOS-1000-mean": 0.38082802547770706, "DMCTS": [0.29936305732484075, 0.36942675159235666, 0.4968152866242038, 0.43312101910828027, 0.732484076433121, 0.33121019108280253, 0.1464968152866242, 0.25477707006369427, 0.6242038216560509, 1.0, 0.6305732484076433, 0.5159235668789809, 0.4968152866242038, 0.6878980891719745, 0.732484076433121, 0.4267515923566879, 0.6751592356687898, 0.445859872611465, 0.9171974522292994, 0.24203821656050956, 0.8089171974522293, 0.8789808917197452, 0.6560509554140127, 1.0, 0.535031847133758, 1.0, 0.554140127388535, 0.8726114649681529, 0.25477707006369427, 0.5095541401273885, 0.8598726114649682, 0.8726114649681529, 0.6942675159235668, 0.9171974522292994, 0.5031847133757962, 0.7006369426751592, 0.3630573248407643, 0.9745222929936306, 0.4968152866242038, 0.8280254777070064, 0.5668789808917197, 0.9299363057324841, 0.7261146496815286, 0.9363057324840764, 0.5605095541401274, 0.6178343949044586, 0.25477707006369427, 0.7898089171974523, 0.4140127388535032, 0.7261146496815286, 0.4140127388535032, 0.5859872611464968, 0.7579617834394905, 0.7770700636942676, 0.4840764331210191, 0.8343949044585988, 0.5414012738853503, 0.5796178343949044, 0.6178343949044586, 0.445859872611465, 0.39490445859872614, 0.9171974522292994, 0.7898089171974523, 0.8535031847133758, 0.4267515923566879, 0.8535031847133758, 0.47770700636942676, 0.8726114649681529, 0.7388535031847133, 0.5477707006369427, 0.6751592356687898, 0.8089171974522293, 0.6305732484076433, 0.8853503184713376, 0.4713375796178344, 0.40764331210191085, 0.0, 0.4267515923566879, 0.7643312101910829, 0.36942675159235666, 0.7834394904458599, 0.6687898089171974, 0.34394904458598724, 0.6560509554140127, 0.39490445859872614, 0.6751592356687898, 0.6496815286624203, 0.9044585987261147, 0.554140127388535, 0.5031847133757962, 0.17834394904458598, 0.3503184713375796, 0.21019108280254778, 0.8407643312101911, 0.8662420382165605, 0.89171974522293, 0.9617834394904459, 0.7834394904458599, 0.5222929936305732, 0.5668789808917197], "OOS-1000": [0.7006369426751592, 0.6305732484076433, 0.5031847133757962, 0.5668789808917197, 0.267515923566879, 0.6687898089171974, 0.8535031847133758, 0.7452229299363057, 0.37579617834394907, 0.0, 0.36942675159235666, 0.4840764331210191, 0.5031847133757962, 0.31210191082802546, 0.267515923566879, 0.5732484076433121, 0.3248407643312102, 0.554140127388535, 0.08280254777070063, 0.7579617834394905, 0.1910828025477707, 0.12101910828025478, 0.34394904458598724, 0.0, 0.46496815286624205, 0.0, 0.445859872611465, 0.12738853503184713, 0.7452229299363057, 0.49044585987261147, 0.14012738853503184, 0.12738853503184713, 0.3057324840764331, 0.08280254777070063, 0.4968152866242038, 0.29936305732484075, 0.6369426751592356, 0.025477707006369428, 0.5031847133757962, 0.17197452229299362, 0.43312101910828027, 0.07006369426751592, 0.27388535031847133, 0.06369426751592357, 0.4394904458598726, 0.3821656050955414, 0.7452229299363057, 0.21019108280254778, 0.5859872611464968, 0.27388535031847133, 0.5859872611464968, 0.4140127388535032, 0.24203821656050956, 0.2229299363057325, 0.5159235668789809, 0.16560509554140126, 0.4585987261146497, 0.42038216560509556, 0.3821656050955414, 0.554140127388535, 0.6050955414012739, 0.08280254777070063, 0.21019108280254778, 0.1464968152866242, 0.5732484076433121, 0.1464968152866242, 0.5222929936305732, 0.12738853503184713, 0.2611464968152866, 0.45222929936305734, 0.3248407643312102, 0.1910828025477707, 0.36942675159235666, 0.11464968152866242, 0.5286624203821656, 0.5923566878980892, 1.0, 0.5732484076433121, 0.2356687898089172, 0.6305732484076433, 0.21656050955414013, 0.33121019108280253, 0.6560509554140127, 0.34394904458598724, 0.6050955414012739, 0.3248407643312102, 0.3503184713375796, 0.09554140127388536, 0.445859872611465, 0.4968152866242038, 0.821656050955414, 0.6496815286624203, 0.7898089171974523, 0.1592356687898089, 0.1337579617834395, 0.10828025477707007, 0.03821656050955414, 0.21656050955414013, 0.47770700636942676, 0.43312101910828027]}