{"DMCTS-mean": 0.5722393895440498, "OOS-10000-v3-mean": 0.4277606104559501, "DMCTS": [0.35668789808917195, 1.0, 0.2484076433121019, 0.7070063694267515, 0.43312101910828027, 0.47770700636942676, 0.5286624203821656, 0.4012738853503185, 0.2611464968152866, 0.39490445859872614, 0.6114649681528662, 0.6751592356687898, 0.643312101910828, 0.445859872611465, 0.5477707006369427, 0.7961783439490446, 0.6942675159235668, 0.2484076433121019, 0.6878980891719745, 0.40764331210191085, 0.5732484076433121, 0.3503184713375796, 0.9171974522292994, 0.8535031847133758, 0.4140127388535032, 0.8726114649681529, 0.43312101910828027, 0.7770700636942676, 0.6496815286624203, 0.4585987261146497, 0.37579617834394907, 0.49044585987261147, 0.4713375796178344, 0.6878980891719745, 0.3248407643312102, 0.5732484076433121, 0.9235668789808917, 0.8089171974522293, 0.4840764331210191, 0.3630573248407643, 0.044585987261146494, 0.6114649681528662, 0.8089171974522293, 0.7133757961783439, 0.49044585987261147, 0.535031847133758, 0.3375796178343949, 0.4012738853503185, 0.6305732484076433, 0.45222929936305734, 0.45222929936305734, 0.40764331210191085, 0.4713375796178344, 0.5222929936305732, 0.7579617834394905, 0.5477707006369427, 0.6114649681528662, 0.445859872611465, 1.0, 0.6878980891719745, 0.535031847133758, 0.7961783439490446, 0.27388535031847133, 0.535031847133758, 0.42038216560509556, 0.34394904458598724, 0.49044585987261147, 0.46496815286624205, 0.45222929936305734, 0.9617834394904459, 0.8853503184713376, 0.8471337579617835, 0.8853503184713376, 0.6496815286624203, 0.43312101910828027, 0.5159235668789809, 0.9235668789808917, 0.3375796178343949, 1.0, 0.5668789808917197, 0.14012738853503184, 0.4840764331210191, 0.5031847133757962, 0.6815286624203821, 0.5031847133757962, 0.7579617834394905, 0.5732484076433121, 0.7834394904458599, 0.5286624203821656, 0.6687898089171974, 0.6942675159235668, 0.9554140127388535, 0.4713375796178344, 0.5031847133757962, 0.36942675159235666, 0.43312101910828027, 0.267515923566879, 0.6878980891719745, 0.43312101910828027, 0.7388535031847133, 1.0], "OOS-10000-v3": [0.643312101910828, 0.0, 0.7515923566878981, 0.2929936305732484, 0.5668789808917197, 0.5222929936305732, 0.4713375796178344, 0.5987261146496815, 0.7388535031847133, 0.6050955414012739, 0.3885350318471338, 0.3248407643312102, 0.35668789808917195, 0.554140127388535, 0.45222929936305734, 0.20382165605095542, 0.3057324840764331, 0.7515923566878981, 0.31210191082802546, 0.5923566878980892, 0.4267515923566879, 0.6496815286624203, 0.08280254777070063, 0.1464968152866242, 0.5859872611464968, 0.12738853503184713, 0.5668789808917197, 0.2229299363057325, 0.3503184713375796, 0.5414012738853503, 0.6242038216560509, 0.5095541401273885, 0.5286624203821656, 0.31210191082802546, 0.6751592356687898, 0.4267515923566879, 0.07643312101910828, 0.1910828025477707, 0.5159235668789809, 0.6369426751592356, 0.9554140127388535, 0.3885350318471338, 0.1910828025477707, 0.28662420382165604, 0.5095541401273885, 0.46496815286624205, 0.6624203821656051, 0.5987261146496815, 0.36942675159235666, 0.5477707006369427, 0.5477707006369427, 0.5923566878980892, 0.5286624203821656, 0.47770700636942676, 0.24203821656050956, 0.45222929936305734, 0.3885350318471338, 0.554140127388535, 0.0, 0.31210191082802546, 0.46496815286624205, 0.20382165605095542, 0.7261146496815286, 0.46496815286624205, 0.5796178343949044, 0.6560509554140127, 0.5095541401273885, 0.535031847133758, 0.5477707006369427, 0.03821656050955414, 0.11464968152866242, 0.15286624203821655, 0.11464968152866242, 0.3503184713375796, 0.5668789808917197, 0.4840764331210191, 0.07643312101910828, 0.6624203821656051, 0.0, 0.43312101910828027, 0.8598726114649682, 0.5159235668789809, 0.4968152866242038, 0.3184713375796178, 0.4968152866242038, 0.24203821656050956, 0.4267515923566879, 0.21656050955414013, 0.4713375796178344, 0.33121019108280253, 0.3057324840764331, 0.044585987261146494, 0.5286624203821656, 0.4968152866242038, 0.6305732484076433, 0.5668789808917197, 0.732484076433121, 0.31210191082802546, 0.5668789808917197, 0.2611464968152866, 0.0]}