{"DMCTS-mean": 0.6789808917197453, "OOS-10-v8-mean": 0.3210191082802548, "DMCTS": [0.37579617834394907, 1.0, 0.554140127388535, 0.46496815286624205, 1.0], "OOS-10-v8": [0.6242038216560509, 0.0, 0.445859872611465, 0.535031847133758, 0.0]}