{"DMCTS-mean": 0.667108280254777, "OOS-100-mean": 0.3328917197452229, "DMCTS": [0.267515923566879, 0.28662420382165604, 0.3503184713375796, 0.9171974522292994, 0.9490445859872612, 0.7898089171974523, 0.7961783439490446, 1.0, 0.7452229299363057, 0.6050955414012739, 0.821656050955414, 0.6624203821656051, 0.8535031847133758, 0.5414012738853503, 0.8726114649681529, 0.6369426751592356, 0.8343949044585988, 0.821656050955414, 0.6751592356687898, 0.4968152866242038, 0.4713375796178344, 0.7197452229299363, 0.7515923566878981, 0.9426751592356688, 0.6687898089171974, 0.5159235668789809, 0.910828025477707, 0.3184713375796178, 0.7898089171974523, 0.9171974522292994, 0.8598726114649682, 0.8343949044585988, 0.3630573248407643, 0.9872611464968153, 0.49044585987261147, 0.9872611464968153, 0.802547770700637, 0.6624203821656051, 0.7707006369426752, 1.0, 0.9235668789808917, 0.2229299363057325, 0.7070063694267515, 0.6114649681528662, 0.9490445859872612, 0.6687898089171974, 0.643312101910828, 0.4840764331210191, 0.4012738853503185, 0.6878980891719745, 0.46496815286624205, 0.9044585987261147, 0.9681528662420382, 0.8280254777070064, 0.6560509554140127, 0.554140127388535, 0.7643312101910829, 0.7961783439490446, 0.8407643312101911, 0.5732484076433121, 0.7707006369426752, 0.8089171974522293, 0.22929936305732485, 0.9872611464968153, 0.6305732484076433, 0.43312101910828027, 0.7643312101910829, 0.9745222929936306, 1.0, 0.7707006369426752, 0.6560509554140127, 0.7261146496815286, 0.4713375796178344, 0.4267515923566879, 0.6560509554140127, 0.4585987261146497, 0.6624203821656051, 0.7197452229299363, 0.7261146496815286, 0.6496815286624203, 0.5286624203821656, 0.643312101910828, 0.4267515923566879, 0.2929936305732484, 0.643312101910828, 0.6815286624203821, 0.3885350318471338, 0.7579617834394905, 0.6687898089171974, 0.5732484076433121, 0.21019108280254778, 0.7898089171974523, 0.37579617834394907, 0.4140127388535032, 1.0, 0.35668789808917195, 0.4394904458598726, 0.40764331210191085, 0.7261146496815286, 0.12101910828025478, 0.802547770700637, 0.8789808917197452, 0.4968152866242038, 0.9808917197452229, 1.0, 0.9617834394904459, 1.0, 0.8343949044585988, 0.6878980891719745, 0.89171974522293, 0.5095541401273885, 0.2929936305732484, 0.9044585987261147, 0.6114649681528662, 0.7643312101910829, 0.6178343949044586, 0.8280254777070064, 0.7261146496815286, 0.5796178343949044, 0.43312101910828027, 0.47770700636942676, 0.3503184713375796, 0.1592356687898089, 0.2929936305732484, 0.4267515923566879, 0.802547770700637, 0.7197452229299363, 0.9171974522292994, 0.28662420382165604, 0.6114649681528662, 0.8280254777070064, 0.89171974522293, 0.821656050955414, 0.8853503184713376, 0.6178343949044586, 0.20382165605095542, 0.19745222929936307, 0.7643312101910829, 0.4012738853503185, 0.7197452229299363, 0.2484076433121019, 1.0, 0.6114649681528662, 0.8280254777070064, 0.5605095541401274, 0.7261146496815286, 0.6687898089171974, 0.8980891719745223, 0.4585987261146497, 0.910828025477707, 0.802547770700637, 0.35668789808917195, 0.7898089171974523, 0.7261146496815286, 0.5031847133757962, 0.7898089171974523, 0.6242038216560509, 0.7770700636942676, 0.7579617834394905, 0.8089171974522293, 0.6751592356687898, 0.8662420382165605, 0.9426751592356688, 0.8407643312101911, 0.1337579617834395, 1.0, 0.8471337579617835, 0.8471337579617835, 0.4713375796178344, 0.9299363057324841, 0.9235668789808917, 0.8280254777070064, 1.0, 0.4713375796178344, 0.8407643312101911, 0.8726114649681529, 1.0, 0.35668789808917195, 0.40764331210191085, 1.0, 0.6050955414012739, 0.5987261146496815, 0.1910828025477707, 0.3885350318471338, 0.6050955414012739, 0.4713375796178344, 0.8980891719745223, 0.5923566878980892, 0.33121019108280253, 0.27388535031847133, 0.9235668789808917, 0.49044585987261147, 0.5477707006369427, 0.3885350318471338, 0.6496815286624203, 0.4840764331210191, 0.6560509554140127, 0.554140127388535, 1.0, 0.7452229299363057, 0.5859872611464968, 0.8471337579617835, 0.8343949044585988, 0.8407643312101911, 0.7707006369426752, 0.8407643312101911, 0.8407643312101911, 0.6369426751592356, 0.7898089171974523, 0.8535031847133758, 0.7707006369426752, 0.5095541401273885, 0.4713375796178344, 0.9171974522292994, 0.6751592356687898, 0.7579617834394905, 0.6878980891719745, 0.3375796178343949, 0.8662420382165605, 0.7133757961783439, 1.0, 0.3885350318471338, 0.5222929936305732, 0.5414012738853503, 0.9681528662420382, 0.2356687898089172, 0.4394904458598726, 0.5031847133757962, 1.0, 0.89171974522293, 0.7006369426751592, 0.7452229299363057, 0.9044585987261147, 0.5414012738853503, 0.643312101910828, 0.6114649681528662, 0.6687898089171974, 0.7133757961783439, 1.0, 0.4394904458598726, 0.4968152866242038, 0.6305732484076433, 0.5668789808917197, 0.6815286624203821, 0.37579617834394907, 0.7961783439490446, 0.5987261146496815, 0.8726114649681529, 0.5987261146496815, 0.17197452229299362],