{"DMCTS-mean": 0.5613853503184713, "OOS-10000-v3-mean": 0.43861464968152863, "DMCTS": [0.89171974522293, 0.7261146496815286, 0.49044585987261147, 0.6751592356687898, 0.31210191082802546, 0.4012738853503185, 0.8152866242038217, 0.4713375796178344, 0.34394904458598724, 0.8853503184713376, 0.8789808917197452, 0.5222929936305732, 0.267515923566879, 0.3885350318471338, 0.3503184713375796, 0.3248407643312102, 0.6560509554140127, 0.4968152866242038, 0.3630573248407643, 0.7515923566878981, 0.5923566878980892, 0.802547770700637, 0.4840764331210191, 0.4585987261146497, 0.445859872611465, 0.9681528662420382, 0.29936305732484075, 0.1337579617834395, 0.6751592356687898, 0.3821656050955414, 0.821656050955414, 0.47770700636942676, 0.9808917197452229, 0.7388535031847133, 0.6305732484076433, 0.5796178343949044, 0.2802547770700637, 0.554140127388535, 0.5414012738853503, 0.2929936305732484, 0.7643312101910829, 0.45222929936305734, 0.8471337579617835, 0.6114649681528662, 0.8152866242038217, 0.2611464968152866, 0.7515923566878981, 0.9490445859872612, 0.732484076433121, 0.6050955414012739, 0.445859872611465, 0.554140127388535, 0.2229299363057325, 0.8662420382165605, 0.43312101910828027, 0.5732484076433121, 0.17834394904458598, 0.9235668789808917, 0.445859872611465, 0.42038216560509556, 1.0, 0.6687898089171974, 0.8089171974522293, 0.4713375796178344, 0.7388535031847133, 0.6751592356687898, 0.9363057324840764, 0.6815286624203821, 0.5668789808917197, 1.0, 0.37579617834394907, 0.5859872611464968, 0.445859872611465, 1.0, 0.27388535031847133, 0.46496815286624205, 0.29936305732484075, 0.4840764331210191, 0.3503184713375796, 0.554140127388535, 0.5859872611464968, 0.7834394904458599, 0.5923566878980892, 0.45222929936305734, 0.5222929936305732, 0.7133757961783439, 0.8152866242038217, 0.5031847133757962, 0.7643312101910829, 0.5796178343949044, 0.4713375796178344, 0.7961783439490446, 1.0, 0.6178343949044586, 0.6815286624203821, 0.08280254777070063, 0.5796178343949044, 0.3503184713375796, 0.535031847133758, 0.8853503184713376, 0.42038216560509556, 0.4394904458598726, 0.43312101910828027, 0.5222929936305732, 0.267515923566879, 0.4394904458598726, 0.4840764331210191, 1.0, 0.17834394904458598, 0.11464968152866242, 0.3184713375796178, 0.36942675159235666, 0.7834394904458599, 0.8726114649681529, 0.732484076433121, 0.3248407643312102, 0.267515923566879, 0.17834394904458598, 0.39490445859872614, 0.6751592356687898, 0.33121019108280253, 0.6178343949044586, 0.8853503184713376, 0.910828025477707, 0.8343949044585988, 0.8280254777070064, 0.4840764331210191, 0.5796178343949044, 0.03184713375796178, 0.7834394904458599, 0.643312101910828, 0.49044585987261147, 0.6624203821656051, 0.732484076433121, 0.49044585987261147, 0.6878980891719745, 0.1464968152866242, 1.0, 0.5031847133757962, 0.7388535031847133, 0.2611464968152866, 0.3184713375796178, 0.6687898089171974, 0.49044585987261147, 0.37579617834394907, 0.10191082802547771, 0.802547770700637, 0.3821656050955414, 0.7197452229299363, 0.4140127388535032, 0.6815286624203821, 0.554140127388535, 0.19745222929936307, 0.8089171974522293, 0.36942675159235666, 0.7515923566878981, 1.0, 0.732484076433121, 0.8407643312101911, 0.4968152866242038, 0.3821656050955414, 0.4713375796178344, 0.4012738853503185, 0.445859872611465, 0.5987261146496815, 0.8343949044585988, 0.2929936305732484, 0.7898089171974523, 0.8535031847133758, 0.7770700636942676, 0.1910828025477707, 0.910828025477707, 0.4585987261146497, 0.5222929936305732, 0.5668789808917197, 0.28662420382165604, 0.35668789808917195, 0.5859872611464968, 0.0, 0.5732484076433121, 0.4968152866242038, 0.5668789808917197, 0.0, 1.0, 0.7515923566878981, 0.5031847133757962, 0.29936305732484075, 0.08917197452229299, 0.9044585987261147, 0.6369426751592356, 0.7261146496815286, 0.17834394904458598, 0.45222929936305734, 0.42038216560509556, 0.6878980891719745, 0.6496815286624203, 0.267515923566879, 0.7961783439490446, 0.9044585987261147, 0.7643312101910829, 0.9171974522292994, 0.5477707006369427, 0.7770700636942676, 0.732484076433121, 0.7197452229299363, 0.5605095541401274, 0.8152866242038217, 0.46496815286624205, 0.3821656050955414, 0.36942675159235666, 0.35668789808917195, 0.42038216560509556, 0.37579617834394907, 0.3184713375796178, 0.5159235668789809, 0.7707006369426752, 0.7070063694267515, 0.3503184713375796, 0.47770700636942676, 0.9681528662420382, 0.4267515923566879, 0.2611464968152866, 0.6815286624203821, 0.36942675159235666, 1.0, 0.6560509554140127, 0.34394904458598724, 0.40764331210191085, 0.7006369426751592, 0.3375796178343949, 0.36942675159235666, 0.49044585987261147, 0.47770700636942676, 0.7707006369426752, 0.8343949044585988, 0.4140127388535032, 0.27388535031847133, 0.2802547770700637, 0.9299363057324841, 0.4968152866242038],