{"DMCTS-mean": 0.5669043570939173, "OOS-10000-v3-mean": 0.43309564290608266, "DMCTS": [0.45222929936305734, 0.35668789808917195, 0.7006369426751592, 0.7388535031847133, 0.5159235668789809, 1.0, 0.4394904458598726, 0.802547770700637, 0.21019108280254778, 0.4968152866242038, 0.7643312101910829, 0.5732484076433121, 0.4840764331210191, 0.3184713375796178, 0.4394904458598726, 0.5987261146496815, 0.47770700636942676, 0.5477707006369427, 0.8407643312101911, 0.39490445859872614, 0.4585987261146497, 0.6369426751592356, 0.6369426751592356, 0.45222929936305734, 0.5796178343949044, 0.8662420382165605, 0.5668789808917197, 1.0, 0.37579617834394907, 0.37579617834394907, 0.5605095541401274, 0.5031847133757962, 0.4968152866242038, 0.45222929936305734, 0.46496815286624205, 0.7133757961783439, 0.22929936305732485, 0.7770700636942676, 0.6687898089171974, 0.4585987261146497, 0.10828025477707007, 0.2611464968152866, 0.5796178343949044, 0.5159235668789809, 0.40764331210191085, 0.8471337579617835, 0.5987261146496815, 0.6751592356687898, 0.6114649681528662, 0.7006369426751592, 0.7770700636942676, 1.0, 0.6687898089171974, 0.8152866242038217, 0.5477707006369427, 0.21019108280254778, 0.643312101910828, 0.8407643312101911, 0.42038216560509556, 0.9808917197452229, 0.3630573248407643, 0.802547770700637, 0.10828025477707007, 0.9299363057324841, 0.9363057324840764, 0.15286624203821655, 0.5286624203821656, 0.37579617834394907, 0.5159235668789809, 0.5095541401273885, 0.40764331210191085, 0.8853503184713376, 0.8280254777070064, 0.3375796178343949, 0.6560509554140127, 0.554140127388535, 0.43312101910828027, 0.4840764331210191, 0.7961783439490446, 0.5987261146496815, 0.7388535031847133, 0.47770700636942676, 0.3503184713375796, 0.4585987261146497, 0.4968152866242038, 0.3248407643312102, 0.2484076433121019, 0.7707006369426752, 0.43312101910828027, 0.6878980891719745, 0.6305732484076433, 0.5095541401273885, 0.3375796178343949, 0.7133757961783439, 0.821656050955414, 0.643312101910828, 0.7707006369426752, 0.2229299363057325, 0.4968152866242038, 0.46496815286624205, 1.0, 0.6305732484076433, 0.3821656050955414, 0.910828025477707, 0.3375796178343949, 0.6687898089171974, 0.5668789808917197, 0.9299363057324841, 0.7006369426751592, 0.4140127388535032, 0.2929936305732484, 0.732484076433121, 0.4012738853503185, 0.4713375796178344, 0.6560509554140127, 0.535031847133758, 0.42038216560509556, 0.8598726114649682, 0.35668789808917195, 0.47770700636942676, 0.9363057324840764, 0.5668789808917197, 0.5605095541401274, 0.24203821656050956, 0.7261146496815286, 0.49044585987261147, 0.5859872611464968, 0.3248407643312102, 0.34394904458598724, 0.7898089171974523, 0.6687898089171974, 0.9681528662420382, 0.7070063694267515, 0.6050955414012739, 0.5414012738853503, 0.5095541401273885, 0.2484076433121019, 0.5286624203821656, 0.49044585987261147, 0.89171974522293, 0.5286624203821656, 0.5159235668789809, 1.0, 0.6496815286624203, 0.6815286624203821, 0.6242038216560509, 0.4585987261146497, 0.6050955414012739, 0.89171974522293, 0.6942675159235668, 0.8853503184713376, 0.3248407643312102, 0.36942675159235666, 0.8980891719745223, 0.3375796178343949, 0.40764331210191085, 0.42038216560509556, 0.5095541401273885, 0.9554140127388535, 0.4585987261146497, 0.6942675159235668, 0.4713375796178344, 0.3057324840764331, 0.7133757961783439, 0.4968152866242038, 0.8726114649681529, 0.5159235668789809, 0.42038216560509556, 0.43312101910828027, 0.5477707006369427, 1.0, 0.8089171974522293, 0.33121019108280253, 0.5031847133757962, 0.8535031847133758, 0.7515923566878981, 0.27388535031847133, 0.6560509554140127, 0.6751592356687898, 0.802547770700637, 0.6878980891719745, 0.8089171974522293, 0.4968152866242038, 0.8853503184713376, 0.5796178343949044, 0.554140127388535, 0.25477707006369427, 0.4713375796178344, 0.34394904458598724, 0.802547770700637, 0.3057324840764331, 0.535031847133758, 0.5987261146496815, 0.5095541401273885, 0.5477707006369427, 0.732484076433121, 0.8343949044585988, 0.7515923566878981, 0.5159235668789809, 1.0, 0.5286624203821656, 0.28662420382165604, 0.46496815286624205, 0.5031847133757962, 0.7515923566878981, 0.4713375796178344, 0.43312101910828027, 0.2229299363057325, 0.4585987261146497, 0.535031847133758, 0.5605095541401274, 0.732484076433121, 0.5414012738853503, 0.4713375796178344, 0.5031847133757962, 0.4713375796178344, 0.5859872611464968, 0.7070063694267515, 0.5159235668789809, 0.39490445859872614, 0.5859872611464968, 0.4713375796178344, 0.267515923566879, 0.35668789808917195, 0.5859872611464968, 0.4012738853503185, 0.6178343949044586, 0.15286624203821655, 0.39490445859872614, 0.1910828025477707, 0.7006369426751592, 0.33121019108280253, 0.2484076433121019, 0.6242038216560509, 0.5095541401273885, 0.16560509554140126, 0.6560509554140127, 0.8598726114649682, 0.6878980891719745, 0.7834394904458599, 0.5605095541401274, 0.42038216560509556, 0.4585987261146497, 0.33121019108280253, 0.8471337579617835, 0.6114649681528662, 0.6114649681528662, 0.8407643312101911, 0.1337579617834395, 0.3184713375796178, 0.9554140127388535],