{"DMCTS-mean": 0.5725124977795822, "OOS-10000-mean": 0.4274875022204177, "DMCTS": [0.5732484076433121, 0.8089171974522293, 0.3503184713375796, 0.2229299363057325, 0.1592356687898089, 0.6496815286624203, 0.5159235668789809, 0.267515923566879, 0.5605095541401274, 0.7070063694267515, 0.5222929936305732, 0.3885350318471338, 0.17197452229299362, 0.36942675159235666, 0.5732484076433121, 1.0, 0.7898089171974523, 0.6178343949044586, 0.7707006369426752, 0.5668789808917197, 0.910828025477707, 0.7388535031847133, 0.6878980891719745, 0.7388535031847133, 0.7898089171974523, 0.7006369426751592, 0.8471337579617835, 0.6560509554140127, 0.39490445859872614, 0.34394904458598724, 0.3630573248407643, 0.5859872611464968, 0.35668789808917195, 0.40764331210191085, 0.732484076433121, 0.7579617834394905, 0.40764331210191085, 0.9808917197452229, 0.6878980891719745, 0.6878980891719745, 0.5286624203821656, 0.35668789808917195, 1.0, 1.0, 0.554140127388535, 0.19745222929936307, 0.33121019108280253, 0.554140127388535, 0.6624203821656051, 0.42038216560509556, 0.5095541401273885, 0.9044585987261147, 0.5477707006369427, 0.9363057324840764, 0.7261146496815286, 0.7643312101910829, 0.21019108280254778, 0.643312101910828, 0.5414012738853503, 0.5605095541401274, 0.7452229299363057, 0.5159235668789809, 0.7197452229299363, 0.6815286624203821, 0.35668789808917195, 0.1592356687898089, 0.9745222929936306, 0.7197452229299363, 0.5031847133757962, 0.5859872611464968, 0.07006369426751592, 0.5031847133757962, 0.6942675159235668, 0.5605095541401274, 0.3885350318471338, 0.7388535031847133, 0.535031847133758, 0.4394904458598726, 0.7452229299363057, 0.5222929936305732, 0.6305732484076433, 0.7707006369426752, 0.6496815286624203, 0.35668789808917195, 0.4267515923566879, 0.802547770700637, 0.2611464968152866, 0.4713375796178344, 0.28662420382165604, 0.3630573248407643, 0.8789808917197452, 0.5796178343949044, 0.33121019108280253, 0.5923566878980892, 0.5414012738853503, 0.8152866242038217, 0.7261146496815286, 0.9171974522292994, 0.45222929936305734, 0.5414012738853503, 0.43312101910828027, 0.5477707006369427, 0.445859872611465, 0.6050955414012739, 0.5987261146496815, 0.5159235668789809, 0.6242038216560509, 0.3057324840764331, 0.5987261146496815, 0.8407643312101911, 0.35668789808917195, 0.7579617834394905, 0.3375796178343949, 0.6178343949044586, 0.7197452229299363, 0.19745222929936307, 0.5796178343949044, 0.6178343949044586, 0.5222929936305732, 0.12738853503184713, 0.4585987261146497, 0.24203821656050956, 0.5668789808917197, 0.8471337579617835, 0.5796178343949044, 0.9235668789808917, 0.7898089171974523, 0.9490445859872612, 0.8471337579617835, 0.18471337579617833, 0.5668789808917197, 0.6050955414012739, 0.7643312101910829, 0.5286624203821656, 1.0, 0.9617834394904459, 0.7770700636942676, 0.2929936305732484, 0.45222929936305734, 0.42038216560509556, 0.5222929936305732, 0.7579617834394905, 0.9872611464968153, 0.3375796178343949, 0.5859872611464968, 0.5286624203821656, 0.2611464968152866, 0.4394904458598726, 0.6178343949044586, 0.5159235668789809, 0.6114649681528662, 0.6687898089171974, 0.5732484076433121, 0.535031847133758, 0.5923566878980892, 0.42038216560509556, 0.36942675159235666, 0.6687898089171974, 0.4140127388535032, 0.47770700636942676, 0.46496815286624205, 0.6305732484076433, 0.5987261146496815, 0.18471337579617833, 0.7707006369426752, 0.5159235668789809, 0.5159235668789809, 0.9617834394904459, 0.7834394904458599, 0.7133757961783439, 0.6242038216560509, 0.7834394904458599, 0.7133757961783439, 0.7643312101910829, 0.3885350318471338, 0.7006369426751592, 0.3057324840764331, 0.25477707006369427, 0.42038216560509556, 0.8662420382165605, 0.20382165605095542, 0.6687898089171974, 0.5859872611464968, 0.1592356687898089, 0.47770700636942676, 0.4968152866242038, 0.43312101910828027, 0.9490445859872612, 1.0, 0.43312101910828027, 0.5159235668789809, 0.47770700636942676, 0.6624203821656051, 0.9490445859872612, 0.8853503184713376, 0.7261146496815286, 0.3630573248407643, 0.7707006369426752, 0.8853503184713376, 0.14012738853503184, 0.5477707006369427, 0.33121019108280253, 0.2802547770700637, 0.5859872611464968, 0.47770700636942676, 0.8789808917197452, 0.5159235668789809, 0.7388535031847133, 0.6624203821656051, 0.6624203821656051, 0.8662420382165605, 0.25477707006369427, 0.4140127388535032, 0.8407643312101911, 0.6624203821656051, 0.49044585987261147, 0.4713375796178344, 0.7006369426751592, 0.3821656050955414, 0.11464968152866242, 0.9808917197452229, 0.15286624203821655, 0.4713375796178344, 0.49044585987261147, 0.6305732484076433, 0.554140127388535, 0.6369426751592356, 0.5987261146496815, 0.45222929936305734, 0.554140127388535, 0.6624203821656051, 0.445859872611465, 0.29936305732484075, 0.445859872611465, 0.4012738853503185, 0.7070063694267515, 0.267515923566879, 0.6751592356687898, 0.445859872611465, 0.6242038216560509, 0.89171974522293, 0.7898089171974523, 0.9299363057324841, 0.6751592356687898, 0.3821656050955414, 0.643312101910828, 0.8089171974522293, 0.1464968152866242, 0.6114649681528662, 0.5414012738853503, 0.29936305732484075],