{"DMCTS-mean": 0.5835277795295454, "OOS-10000-v2-mean": 0.4164722204704547, "DMCTS": [0.8535031847133758, 0.18471337579617833, 0.25477707006369427, 0.6496815286624203, 0.49044585987261147, 0.39490445859872614, 0.7006369426751592, 0.8789808917197452, 0.267515923566879, 0.5159235668789809, 0.3821656050955414, 0.6496815286624203, 0.1592356687898089, 0.5286624203821656, 0.821656050955414, 0.6942675159235668, 0.2229299363057325, 0.1910828025477707, 0.3885350318471338, 0.7261146496815286, 0.6050955414012739, 0.8471337579617835, 0.267515923566879, 0.8152866242038217, 0.4140127388535032, 0.43312101910828027, 0.6624203821656051, 0.4012738853503185, 0.34394904458598724, 0.46496815286624205, 0.9617834394904459, 0.643312101910828, 0.3630573248407643, 0.7261146496815286, 0.910828025477707, 0.3375796178343949, 0.7515923566878981, 0.8089171974522293, 0.6624203821656051, 0.535031847133758, 0.8662420382165605, 0.7006369426751592, 0.6114649681528662, 0.17197452229299362, 0.4713375796178344, 0.89171974522293, 0.5477707006369427, 0.7197452229299363, 0.6496815286624203, 0.3630573248407643, 0.34394904458598724, 0.2611464968152866, 0.4394904458598726, 0.4267515923566879, 0.732484076433121, 0.6878980891719745, 0.40764331210191085, 0.5095541401273885, 0.9235668789808917, 0.25477707006369427, 0.5159235668789809, 0.37579617834394907, 0.8280254777070064, 0.31210191082802546, 0.7643312101910829, 0.5031847133757962, 0.27388535031847133, 0.5286624203821656, 0.8598726114649682, 0.6624203821656051, 0.7834394904458599, 0.7197452229299363, 0.8089171974522293, 0.4968152866242038, 0.5095541401273885, 0.3184713375796178, 0.445859872611465, 0.7834394904458599, 0.4968152866242038, 0.3503184713375796, 0.8662420382165605, 0.6624203821656051, 0.9299363057324841, 0.1337579617834395, 1.0, 0.35668789808917195, 0.89171974522293, 0.910828025477707, 1.0, 0.3885350318471338, 0.42038216560509556, 0.8662420382165605, 0.7261146496815286, 0.6878980891719745, 0.6050955414012739, 0.7834394904458599, 0.7770700636942676, 0.445859872611465, 0.8662420382165605, 0.5732484076433121, 0.8152866242038217], "OOS-10000-v2": [0.1464968152866242, 0.8152866242038217, 0.7452229299363057, 0.3503184713375796, 0.5095541401273885, 0.6050955414012739, 0.29936305732484075, 0.12101910828025478, 0.732484076433121, 0.4840764331210191, 0.6178343949044586, 0.3503184713375796, 0.8407643312101911, 0.4713375796178344, 0.17834394904458598, 0.3057324840764331, 0.7770700636942676, 0.8089171974522293, 0.6114649681528662, 0.27388535031847133, 0.39490445859872614, 0.15286624203821655, 0.732484076433121, 0.18471337579617833, 0.5859872611464968, 0.5668789808917197, 0.3375796178343949, 0.5987261146496815, 0.6560509554140127, 0.535031847133758, 0.03821656050955414, 0.35668789808917195, 0.6369426751592356, 0.27388535031847133, 0.08917197452229299, 0.6624203821656051, 0.2484076433121019, 0.1910828025477707, 0.3375796178343949, 0.46496815286624205, 0.1337579617834395, 0.29936305732484075, 0.3885350318471338, 0.8280254777070064, 0.5286624203821656, 0.10828025477707007, 0.45222929936305734, 0.2802547770700637, 0.3503184713375796, 0.6369426751592356, 0.6560509554140127, 0.7388535031847133, 0.5605095541401274, 0.5732484076433121, 0.267515923566879, 0.31210191082802546, 0.5923566878980892, 0.49044585987261147, 0.07643312101910828, 0.7452229299363057, 0.4840764331210191, 0.6242038216560509, 0.17197452229299362, 0.6878980891719745, 0.2356687898089172, 0.4968152866242038, 0.7261146496815286, 0.4713375796178344, 0.14012738853503184, 0.3375796178343949, 0.21656050955414013, 0.2802547770700637, 0.1910828025477707, 0.5031847133757962, 0.49044585987261147, 0.6815286624203821, 0.554140127388535, 0.21656050955414013, 0.5031847133757962, 0.6496815286624203, 0.1337579617834395, 0.3375796178343949, 0.07006369426751592, 0.8662420382165605, 0.0, 0.643312101910828, 0.10828025477707007, 0.08917197452229299, 0.0, 0.6114649681528662, 0.5796178343949044, 0.1337579617834395, 0.27388535031847133, 0.31210191082802546, 0.39490445859872614, 0.21656050955414013, 0.2229299363057325, 0.554140127388535, 0.1337579617834395, 0.4267515923566879, 0.18471337579617833]}