{"DMCTS-mean": 0.6162420382165605, "OOS-10000-epsilon-0.4-mean": 0.38375796178343946, "DMCTS": [0.9554140127388535, 0.7070063694267515, 0.4713375796178344, 0.6242038216560509, 0.7515923566878981, 0.4840764331210191, 0.9363057324840764, 0.89171974522293, 0.6751592356687898, 0.6687898089171974, 1.0, 0.40764331210191085, 1.0, 1.0, 0.4968152866242038, 0.6178343949044586, 0.6496815286624203, 0.7452229299363057, 0.9808917197452229, 0.8089171974522293, 0.6624203821656051, 0.5796178343949044, 0.5286624203821656, 0.8471337579617835, 0.6050955414012739, 0.8407643312101911, 0.40764331210191085, 0.6687898089171974, 0.43312101910828027, 0.7133757961783439, 0.4968152866242038, 0.17197452229299362, 0.6624203821656051, 0.5414012738853503, 0.643312101910828, 0.37579617834394907, 0.6687898089171974, 0.2929936305732484, 0.4968152866242038, 0.4267515923566879, 0.9044585987261147, 0.6369426751592356, 0.9235668789808917, 0.7515923566878981, 0.802547770700637, 0.8089171974522293, 0.8598726114649682, 0.6114649681528662, 0.6496815286624203, 0.8343949044585988, 0.3885350318471338, 0.43312101910828027, 0.8853503184713376, 0.802547770700637, 0.910828025477707, 0.7452229299363057, 0.1592356687898089, 0.4585987261146497, 0.8535031847133758, 1.0, 0.5031847133757962, 0.5987261146496815, 0.4585987261146497, 0.7197452229299363, 0.9044585987261147, 1.0, 0.5286624203821656, 0.5923566878980892, 0.5605095541401274, 0.22929936305732485, 0.2356687898089172, 0.37579617834394907, 0.2356687898089172, 0.1337579617834395, 0.5095541401273885, 0.267515923566879, 0.7770700636942676, 0.29936305732484075, 0.29936305732484075, 0.4585987261146497, 0.6369426751592356, 0.5668789808917197, 0.45222929936305734, 0.8662420382165605, 0.821656050955414, 0.5222929936305732, 0.35668789808917195, 0.5923566878980892, 0.5668789808917197, 0.5095541401273885, 0.33121019108280253, 0.6242038216560509, 0.6305732484076433, 0.5732484076433121, 0.5668789808917197, 0.5222929936305732, 0.9745222929936306, 0.46496815286624205, 0.5414012738853503, 0.4585987261146497], "OOS-10000-epsilon-0.4": [0.044585987261146494, 0.2929936305732484, 0.5286624203821656, 0.37579617834394907, 0.2484076433121019, 0.5159235668789809, 0.06369426751592357, 0.10828025477707007, 0.3248407643312102, 0.33121019108280253, 0.0, 0.5923566878980892, 0.0, 0.0, 0.5031847133757962, 0.3821656050955414, 0.3503184713375796, 0.25477707006369427, 0.01910828025477707, 0.1910828025477707, 0.3375796178343949, 0.42038216560509556, 0.4713375796178344, 0.15286624203821655, 0.39490445859872614, 0.1592356687898089, 0.5923566878980892, 0.33121019108280253, 0.5668789808917197, 0.28662420382165604, 0.5031847133757962, 0.8280254777070064, 0.3375796178343949, 0.4585987261146497, 0.35668789808917195, 0.6242038216560509, 0.33121019108280253, 0.7070063694267515, 0.5031847133757962, 0.5732484076433121, 0.09554140127388536, 0.3630573248407643, 0.07643312101910828, 0.2484076433121019, 0.19745222929936307, 0.1910828025477707, 0.14012738853503184, 0.3885350318471338, 0.3503184713375796, 0.16560509554140126, 0.6114649681528662, 0.5668789808917197, 0.11464968152866242, 0.19745222929936307, 0.08917197452229299, 0.25477707006369427, 0.8407643312101911, 0.5414012738853503, 0.1464968152866242, 0.0, 0.4968152866242038, 0.4012738853503185, 0.5414012738853503, 0.2802547770700637, 0.09554140127388536, 0.0, 0.4713375796178344, 0.40764331210191085, 0.4394904458598726, 0.7707006369426752, 0.7643312101910829, 0.6242038216560509, 0.7643312101910829, 0.8662420382165605, 0.49044585987261147, 0.732484076433121, 0.2229299363057325, 0.7006369426751592, 0.7006369426751592, 0.5414012738853503, 0.3630573248407643, 0.43312101910828027, 0.5477707006369427, 0.1337579617834395, 0.17834394904458598, 0.47770700636942676, 0.643312101910828, 0.40764331210191085, 0.43312101910828027, 0.49044585987261147, 0.6687898089171974, 0.37579617834394907, 0.36942675159235666, 0.4267515923566879, 0.43312101910828027, 0.47770700636942676, 0.025477707006369428, 0.535031847133758, 0.4585987261146497, 0.5414012738853503]}