{"DMCTS-mean": 0.5571041180551176, "OOS-100000-mean": 0.44289588194488244, "DMCTS": [0.8343949044585988, 0.2611464968152866, 0.0, 0.36942675159235666, 0.5796178343949044, 0.34394904458598724, 0.5923566878980892, 0.6942675159235668, 0.89171974522293, 0.37579617834394907, 0.6878980891719745, 0.3375796178343949, 0.40764331210191085, 0.4968152866242038, 0.2611464968152866, 0.4840764331210191, 0.43312101910828027, 0.7961783439490446, 0.5987261146496815, 0.43312101910828027, 0.732484076433121, 0.34394904458598724, 0.6560509554140127, 0.5286624203821656, 0.47770700636942676, 0.5286624203821656, 0.6178343949044586, 0.47770700636942676, 0.6942675159235668, 0.2929936305732484, 0.6751592356687898, 0.6050955414012739, 0.7452229299363057, 0.3057324840764331, 0.12738853503184713, 0.5414012738853503, 0.3057324840764331, 0.4585987261146497, 0.3248407643312102, 0.8535031847133758, 0.8726114649681529, 0.7961783439490446, 0.39490445859872614, 0.47770700636942676, 0.3375796178343949, 0.2611464968152866, 0.47770700636942676, 0.9426751592356688, 0.43312101910828027, 0.6687898089171974, 0.5414012738853503, 0.5923566878980892, 0.9299363057324841, 0.45222929936305734, 0.3503184713375796, 0.7197452229299363, 0.11464968152866242, 0.8789808917197452, 0.47770700636942676, 0.3821656050955414, 0.7070063694267515, 0.5923566878980892, 0.7388535031847133, 0.5668789808917197, 0.8152866242038217, 0.445859872611465, 0.9872611464968153, 0.40764331210191085, 0.9171974522292994, 0.6815286624203821, 0.445859872611465, 0.821656050955414, 0.7388535031847133, 0.535031847133758, 0.29936305732484075, 0.4140127388535032, 0.3885350318471338, 0.11464968152866242, 0.7579617834394905, 0.5095541401273885, 0.6560509554140127, 0.9299363057324841, 0.6751592356687898, 1.0, 0.5222929936305732, 0.6496815286624203, 0.5732484076433121, 0.6496815286624203, 0.9363057324840764, 0.5668789808917197, 0.5222929936305732, 0.5095541401273885, 0.4140127388535032, 0.47770700636942676, 0.6624203821656051, 0.3184713375796178, 0.6878980891719745, 0.7006369426751592, 0.9299363057324841, 0.3375796178343949, 0.3885350318471338], "OOS-100000": [0.16560509554140126, 0.7388535031847133, 1.0, 0.6305732484076433, 0.42038216560509556, 0.6560509554140127, 0.40764331210191085, 0.3057324840764331, 0.10828025477707007, 0.6242038216560509, 0.31210191082802546, 0.6624203821656051, 0.5923566878980892, 0.5031847133757962, 0.7388535031847133, 0.5159235668789809, 0.5668789808917197, 0.20382165605095542, 0.4012738853503185, 0.5668789808917197, 0.267515923566879, 0.6560509554140127, 0.34394904458598724, 0.4713375796178344, 0.5222929936305732, 0.4713375796178344, 0.3821656050955414, 0.5222929936305732, 0.3057324840764331, 0.7070063694267515, 0.3248407643312102, 0.39490445859872614, 0.25477707006369427, 0.6942675159235668, 0.8726114649681529, 0.4585987261146497, 0.6942675159235668, 0.5414012738853503, 0.6751592356687898, 0.1464968152866242, 0.12738853503184713, 0.20382165605095542, 0.6050955414012739, 0.5222929936305732, 0.6624203821656051, 0.7388535031847133, 0.5222929936305732, 0.05732484076433121, 0.5668789808917197, 0.33121019108280253, 0.4585987261146497, 0.40764331210191085, 0.07006369426751592, 0.5477707006369427, 0.6496815286624203, 0.2802547770700637, 0.8853503184713376, 0.12101910828025478, 0.5222929936305732, 0.6178343949044586, 0.2929936305732484, 0.40764331210191085, 0.2611464968152866, 0.43312101910828027, 0.18471337579617833, 0.554140127388535, 0.012738853503184714, 0.5923566878980892, 0.08280254777070063, 0.3184713375796178, 0.554140127388535, 0.17834394904458598, 0.2611464968152866, 0.46496815286624205, 0.7006369426751592, 0.5859872611464968, 0.6114649681528662, 0.8853503184713376, 0.24203821656050956, 0.49044585987261147, 0.34394904458598724, 0.07006369426751592, 0.3248407643312102, 0.0, 0.47770700636942676, 0.3503184713375796, 0.4267515923566879, 0.3503184713375796, 0.06369426751592357, 0.43312101910828027, 0.47770700636942676, 0.49044585987261147, 0.5859872611464968, 0.5222929936305732, 0.3375796178343949, 0.6815286624203821, 0.31210191082802546, 0.29936305732484075, 0.07006369426751592, 0.6624203821656051, 0.6114649681528662]}