{"DMCTS-mean": 0.6512738853503184, "OOS-100-mean": 0.3487261146496816, "DMCTS": [0.45222929936305734, 0.6369426751592356, 0.28662420382165604, 0.5796178343949044, 0.7070063694267515, 0.9363057324840764, 0.8535031847133758, 0.7388535031847133, 0.2802547770700637, 0.6369426751592356, 0.8343949044585988, 0.7133757961783439, 0.7707006369426752, 0.554140127388535, 0.5222929936305732, 0.6114649681528662, 0.17834394904458598, 0.9044585987261147, 0.9235668789808917, 0.821656050955414, 0.8726114649681529, 0.8726114649681529, 0.643312101910828, 0.5796178343949044, 0.7961783439490446, 0.9171974522292994, 0.4840764331210191, 0.89171974522293, 0.8089171974522293, 0.6114649681528662, 0.6815286624203821, 0.2611464968152866, 0.6878980891719745, 0.4267515923566879, 0.6114649681528662, 0.6878980891719745, 0.9171974522292994, 0.8407643312101911, 0.35668789808917195, 0.35668789808917195, 0.6050955414012739, 0.6305732484076433, 0.24203821656050956, 0.4012738853503185, 0.9554140127388535, 0.8471337579617835, 0.29936305732484075, 1.0, 0.8598726114649682, 0.8789808917197452, 0.802547770700637, 0.5222929936305732, 0.39490445859872614, 0.7515923566878981, 0.8152866242038217, 0.49044585987261147, 0.7388535031847133, 0.36942675159235666, 0.2356687898089172, 0.9363057324840764, 0.8662420382165605, 0.4140127388535032, 0.3630573248407643, 1.0, 1.0, 0.20382165605095542, 0.7898089171974523, 0.3821656050955414, 0.8343949044585988, 0.7961783439490446, 1.0, 0.8980891719745223, 0.7006369426751592, 0.39490445859872614, 0.7133757961783439, 0.9426751592356688, 0.3630573248407643, 0.8152866242038217, 0.4840764331210191, 0.4394904458598726, 0.6242038216560509, 0.7770700636942676, 0.05732484076433121, 0.9681528662420382, 0.6878980891719745, 0.3821656050955414, 0.5222929936305732, 0.9044585987261147, 0.31210191082802546, 0.7006369426751592, 1.0, 0.39490445859872614, 0.6687898089171974, 0.9617834394904459, 0.5477707006369427, 0.4840764331210191, 0.3503184713375796, 0.821656050955414, 1.0, 0.535031847133758], "OOS-100": [0.5477707006369427, 0.3630573248407643, 0.7133757961783439, 0.42038216560509556, 0.2929936305732484, 0.06369426751592357, 0.1464968152866242, 0.2611464968152866, 0.7197452229299363, 0.3630573248407643, 0.16560509554140126, 0.28662420382165604, 0.22929936305732485, 0.445859872611465, 0.47770700636942676, 0.3885350318471338, 0.821656050955414, 0.09554140127388536, 0.07643312101910828, 0.17834394904458598, 0.12738853503184713, 0.12738853503184713, 0.35668789808917195, 0.42038216560509556, 0.20382165605095542, 0.08280254777070063, 0.5159235668789809, 0.10828025477707007, 0.1910828025477707, 0.3885350318471338, 0.3184713375796178, 0.7388535031847133, 0.31210191082802546, 0.5732484076433121, 0.3885350318471338, 0.31210191082802546, 0.08280254777070063, 0.1592356687898089, 0.643312101910828, 0.643312101910828, 0.39490445859872614, 0.36942675159235666, 0.7579617834394905, 0.5987261146496815, 0.044585987261146494, 0.15286624203821655, 0.7006369426751592, 0.0, 0.14012738853503184, 0.12101910828025478, 0.19745222929936307, 0.47770700636942676, 0.6050955414012739, 0.2484076433121019, 0.18471337579617833, 0.5095541401273885, 0.2611464968152866, 0.6305732484076433, 0.7643312101910829, 0.06369426751592357, 0.1337579617834395, 0.5859872611464968, 0.6369426751592356, 0.0, 0.0, 0.7961783439490446, 0.21019108280254778, 0.6178343949044586, 0.16560509554140126, 0.20382165605095542, 0.0, 0.10191082802547771, 0.29936305732484075, 0.6050955414012739, 0.28662420382165604, 0.05732484076433121, 0.6369426751592356, 0.18471337579617833, 0.5159235668789809, 0.5605095541401274, 0.37579617834394907, 0.2229299363057325, 0.9426751592356688, 0.03184713375796178, 0.31210191082802546, 0.6178343949044586, 0.47770700636942676, 0.09554140127388536, 0.6878980891719745, 0.29936305732484075, 0.0, 0.6050955414012739, 0.33121019108280253, 0.03821656050955414, 0.45222929936305734, 0.5159235668789809, 0.6496815286624203, 0.17834394904458598, 0.0, 0.46496815286624205]}