{"DMCTS-mean": 0.6052847322948856, "OOS-100000-v4-mean": 0.3947152677051144, "DMCTS": [0.9299363057324841, 0.9044585987261147, 1.0, 0.29936305732484075, 0.3248407643312102, 0.7261146496815286, 0.3184713375796178, 0.821656050955414, 0.8280254777070064, 0.4713375796178344, 0.22929936305732485, 0.7388535031847133, 1.0, 0.6878980891719745, 0.3885350318471338, 1.0, 0.1464968152866242, 0.2929936305732484, 0.9363057324840764, 0.40764331210191085, 0.4394904458598726, 1.0, 0.6878980891719745, 0.12101910828025478, 0.45222929936305734, 0.43312101910828027, 0.5222929936305732, 0.4713375796178344, 0.4840764331210191, 1.0, 0.6178343949044586, 0.25477707006369427, 0.9044585987261147, 0.445859872611465, 0.4012738853503185, 0.7261146496815286, 1.0, 0.5987261146496815, 0.49044585987261147, 0.5732484076433121, 0.8598726114649682, 0.6560509554140127, 0.6369426751592356, 0.6496815286624203, 0.4968152866242038, 0.5031847133757962, 0.4840764331210191, 0.8343949044585988, 0.7070063694267515, 0.08280254777070063, 0.6751592356687898, 0.47770700636942676, 0.6942675159235668, 0.45222929936305734, 1.0, 0.6751592356687898, 0.46496815286624205, 0.7770700636942676, 0.5732484076433121, 0.5159235668789809, 0.1910828025477707, 0.4585987261146497, 0.4140127388535032, 0.4267515923566879, 0.7515923566878981, 0.7515923566878981, 0.6369426751592356, 0.9363057324840764, 0.6178343949044586, 0.45222929936305734, 0.6242038216560509, 0.5668789808917197, 0.7388535031847133, 0.8662420382165605, 0.5605095541401274, 0.7070063694267515, 0.2929936305732484, 0.9363057324840764, 0.4267515923566879, 0.6178343949044586, 0.4267515923566879, 0.9617834394904459, 0.33121019108280253, 0.554140127388535, 0.39490445859872614, 0.732484076433121, 0.9490445859872612, 0.5987261146496815, 0.5414012738853503, 0.5222929936305732, 0.4394904458598726, 0.4585987261146497, 0.8726114649681529, 0.5031847133757962, 0.5222929936305732, 0.8662420382165605, 0.732484076433121, 0.732484076433121, 0.445859872611465, 0.7707006369426752, 0.5095541401273885], "OOS-100000-v4": [0.07006369426751592, 0.09554140127388536, 0.0, 0.7006369426751592, 0.6751592356687898, 0.27388535031847133, 0.6815286624203821, 0.17834394904458598, 0.17197452229299362, 0.5286624203821656, 0.7707006369426752, 0.2611464968152866, 0.0, 0.31210191082802546, 0.6114649681528662, 0.0, 0.8535031847133758, 0.7070063694267515, 0.06369426751592357, 0.5923566878980892, 0.5605095541401274, 0.0, 0.31210191082802546, 0.8789808917197452, 0.5477707006369427, 0.5668789808917197, 0.47770700636942676, 0.5286624203821656, 0.5159235668789809, 0.0, 0.3821656050955414, 0.7452229299363057, 0.09554140127388536, 0.554140127388535, 0.5987261146496815, 0.27388535031847133, 0.0, 0.4012738853503185, 0.5095541401273885, 0.4267515923566879, 0.14012738853503184, 0.34394904458598724, 0.3630573248407643, 0.3503184713375796, 0.5031847133757962, 0.4968152866242038, 0.5159235668789809, 0.16560509554140126, 0.2929936305732484, 0.9171974522292994, 0.3248407643312102, 0.5222929936305732, 0.3057324840764331, 0.5477707006369427, 0.0, 0.3248407643312102, 0.535031847133758, 0.2229299363057325, 0.4267515923566879, 0.4840764331210191, 0.8089171974522293, 0.5414012738853503, 0.5859872611464968, 0.5732484076433121, 0.2484076433121019, 0.2484076433121019, 0.3630573248407643, 0.06369426751592357, 0.3821656050955414, 0.5477707006369427, 0.37579617834394907, 0.43312101910828027, 0.2611464968152866, 0.1337579617834395, 0.4394904458598726, 0.2929936305732484, 0.7070063694267515, 0.06369426751592357, 0.5732484076433121, 0.3821656050955414, 0.5732484076433121, 0.03821656050955414, 0.6687898089171974, 0.445859872611465, 0.6050955414012739, 0.267515923566879, 0.050955414012738856, 0.4012738853503185, 0.4585987261146497, 0.47770700636942676, 0.5605095541401274, 0.5414012738853503, 0.12738853503184713, 0.4968152866242038, 0.47770700636942676, 0.1337579617834395, 0.267515923566879, 0.267515923566879, 0.554140127388535, 0.22929936305732485, 0.49044585987261147]}