{"DMCTS-mean": 0.5617077631330012, "OOS-100000-v3-mean": 0.43829223686699886, "DMCTS": [0.8662420382165605, 0.7197452229299363, 0.8471337579617835, 0.554140127388535, 0.2802547770700637, 0.8152866242038217, 0.5668789808917197, 0.7770700636942676, 0.8853503184713376, 0.7515923566878981, 0.6050955414012739, 0.7579617834394905, 0.6687898089171974, 0.4012738853503185, 0.39490445859872614, 0.4012738853503185, 0.46496815286624205, 0.7452229299363057, 0.7133757961783439, 0.49044585987261147, 0.43312101910828027, 0.5796178343949044, 0.5859872611464968, 0.7452229299363057, 0.4267515923566879, 0.3885350318471338, 0.8726114649681529, 0.6751592356687898, 0.42038216560509556, 0.5031847133757962, 0.8280254777070064, 0.47770700636942676, 0.732484076433121, 0.3630573248407643, 0.4140127388535032, 0.5859872611464968, 0.35668789808917195, 0.6878980891719745, 0.9554140127388535, 0.4840764331210191, 0.2802547770700637, 0.8980891719745223, 0.3248407643312102, 0.9617834394904459, 0.5095541401273885, 0.46496815286624205, 0.25477707006369427, 0.4394904458598726, 0.12101910828025478, 0.40764331210191085, 0.5477707006369427, 0.8535031847133758, 0.6369426751592356, 0.33121019108280253, 0.5732484076433121, 0.8407643312101911, 0.7452229299363057, 0.5605095541401274, 0.8152866242038217, 0.40764331210191085, 0.5732484076433121, 0.732484076433121, 0.25477707006369427, 0.554140127388535, 0.4267515923566879, 0.6942675159235668, 0.4012738853503185, 0.6114649681528662, 0.6815286624203821, 0.4968152866242038, 0.45222929936305734, 0.36942675159235666, 0.5159235668789809, 0.3057324840764331, 0.34394904458598724, 1.0, 0.6242038216560509, 0.47770700636942676, 0.6815286624203821, 0.4012738853503185, 0.3821656050955414, 0.3057324840764331, 0.42038216560509556, 0.5605095541401274, 0.25477707006369427, 0.3630573248407643, 0.5159235668789809, 0.6050955414012739, 0.2611464968152866, 0.6496815286624203, 0.8789808917197452, 1.0, 0.6815286624203821, 0.19745222929936307, 0.9044585987261147, 0.3057324840764331, 0.7898089171974523, 0.22929936305732485, 0.5859872611464968, 0.49044585987261147, 0.554140127388535], "OOS-100000-v3": [0.1337579617834395, 0.2802547770700637, 0.15286624203821655, 0.445859872611465, 0.7197452229299363, 0.18471337579617833, 0.43312101910828027, 0.2229299363057325, 0.11464968152866242, 0.2484076433121019, 0.39490445859872614, 0.24203821656050956, 0.33121019108280253, 0.5987261146496815, 0.6050955414012739, 0.5987261146496815, 0.535031847133758, 0.25477707006369427, 0.28662420382165604, 0.5095541401273885, 0.5668789808917197, 0.42038216560509556, 0.4140127388535032, 0.25477707006369427, 0.5732484076433121, 0.6114649681528662, 0.12738853503184713, 0.3248407643312102, 0.5796178343949044, 0.4968152866242038, 0.17197452229299362, 0.5222929936305732, 0.267515923566879, 0.6369426751592356, 0.5859872611464968, 0.4140127388535032, 0.643312101910828, 0.31210191082802546, 0.044585987261146494, 0.5159235668789809, 0.7197452229299363, 0.10191082802547771, 0.6751592356687898, 0.03821656050955414, 0.49044585987261147, 0.535031847133758, 0.7452229299363057, 0.5605095541401274, 0.8789808917197452, 0.5923566878980892, 0.45222929936305734, 0.1464968152866242, 0.3630573248407643, 0.6687898089171974, 0.4267515923566879, 0.1592356687898089, 0.25477707006369427, 0.4394904458598726, 0.18471337579617833, 0.5923566878980892, 0.4267515923566879, 0.267515923566879, 0.7452229299363057, 0.445859872611465, 0.5732484076433121, 0.3057324840764331, 0.5987261146496815, 0.3885350318471338, 0.3184713375796178, 0.5031847133757962, 0.5477707006369427, 0.6305732484076433, 0.4840764331210191, 0.6942675159235668, 0.6560509554140127, 0.0, 0.37579617834394907, 0.5222929936305732, 0.3184713375796178, 0.5987261146496815, 0.6178343949044586, 0.6942675159235668, 0.5796178343949044, 0.4394904458598726, 0.7452229299363057, 0.6369426751592356, 0.4840764331210191, 0.39490445859872614, 0.7388535031847133, 0.3503184713375796, 0.12101910828025478, 0.0, 0.3184713375796178, 0.802547770700637, 0.09554140127388536, 0.6942675159235668, 0.21019108280254778, 0.7707006369426752, 0.4140127388535032, 0.5095541401273885, 0.445859872611465]}