{"DMCTS-mean": 0.7133757961783439, "OOS-100-v8-mean": 0.28662420382165604, "DMCTS": [0.7006369426751592, 0.6560509554140127, 0.7834394904458599], "OOS-100-v8": [0.29936305732484075, 0.34394904458598724, 0.21656050955414013]}