{"DMCTS-mean": 0.5347795926089425, "OOS-10000-v3-mean": 0.4652204073910576, "DMCTS": [0.4394904458598726, 0.7707006369426752, 0.6624203821656051, 0.6624203821656051, 0.2611464968152866, 0.16560509554140126, 0.3057324840764331, 0.39490445859872614, 0.9554140127388535, 0.4012738853503185, 0.554140127388535, 0.5668789808917197, 0.8726114649681529, 0.5796178343949044, 0.5477707006369427, 0.8152866242038217, 0.8343949044585988, 0.5859872611464968, 0.267515923566879, 0.8471337579617835, 0.6560509554140127, 0.5732484076433121, 0.27388535031847133, 0.20382165605095542, 0.25477707006369427, 0.5668789808917197, 1.0, 0.3057324840764331, 0.46496815286624205, 0.4840764331210191, 0.5477707006369427, 0.39490445859872614, 1.0, 0.7898089171974523, 0.5796178343949044, 0.1592356687898089, 0.4713375796178344, 0.643312101910828, 0.5477707006369427, 0.42038216560509556, 0.5159235668789809, 0.5796178343949044, 0.1464968152866242, 0.3821656050955414, 0.8343949044585988, 0.8853503184713376, 0.4394904458598726, 0.5605095541401274, 0.7643312101910829, 0.7898089171974523, 0.4713375796178344, 0.7070063694267515, 0.5222929936305732, 0.8471337579617835, 0.6050955414012739, 0.29936305732484075, 0.8471337579617835, 0.4713375796178344, 0.39490445859872614, 0.45222929936305734, 0.7006369426751592, 0.5668789808917197, 0.5732484076433121, 0.31210191082802546, 0.5987261146496815, 0.37579617834394907, 0.3184713375796178, 0.33121019108280253, 0.6369426751592356, 0.7579617834394905, 0.821656050955414, 0.27388535031847133, 0.6751592356687898, 0.7770700636942676, 0.4267515923566879, 0.3375796178343949, 0.36942675159235666, 0.7006369426751592, 0.46496815286624205, 0.39490445859872614, 0.6624203821656051, 0.5668789808917197, 0.3821656050955414, 0.5732484076433121, 0.4968152866242038, 0.5414012738853503, 0.4840764331210191, 0.5859872611464968, 0.1910828025477707, 0.643312101910828, 0.7388535031847133, 0.554140127388535, 0.19745222929936307, 0.28662420382165604, 0.4585987261146497, 0.31210191082802546, 0.6687898089171974, 0.6687898089171974, 0.4968152866242038, 0.45222929936305734, 0.2929936305732484], "OOS-10000-v3": [0.5605095541401274, 0.22929936305732485, 0.3375796178343949, 0.3375796178343949, 0.7388535031847133, 0.8343949044585988, 0.6942675159235668, 0.6050955414012739, 0.044585987261146494, 0.5987261146496815, 0.445859872611465, 0.43312101910828027, 0.12738853503184713, 0.42038216560509556, 0.45222929936305734, 0.18471337579617833, 0.16560509554140126, 0.4140127388535032, 0.732484076433121, 0.15286624203821655, 0.34394904458598724, 0.4267515923566879, 0.7261146496815286, 0.7961783439490446, 0.7452229299363057, 0.43312101910828027, 0.0, 0.6942675159235668, 0.535031847133758, 0.5159235668789809, 0.45222929936305734, 0.6050955414012739, 0.0, 0.21019108280254778, 0.42038216560509556, 0.8407643312101911, 0.5286624203821656, 0.35668789808917195, 0.45222929936305734, 0.5796178343949044, 0.4840764331210191, 0.42038216560509556, 0.8535031847133758, 0.6178343949044586, 0.16560509554140126, 0.11464968152866242, 0.5605095541401274, 0.4394904458598726, 0.2356687898089172, 0.21019108280254778, 0.5286624203821656, 0.2929936305732484, 0.47770700636942676, 0.15286624203821655, 0.39490445859872614, 0.7006369426751592, 0.15286624203821655, 0.5286624203821656, 0.6050955414012739, 0.5477707006369427, 0.29936305732484075, 0.43312101910828027, 0.4267515923566879, 0.6878980891719745, 0.4012738853503185, 0.6242038216560509, 0.6815286624203821, 0.6687898089171974, 0.3630573248407643, 0.24203821656050956, 0.17834394904458598, 0.7261146496815286, 0.3248407643312102, 0.2229299363057325, 0.5732484076433121, 0.6624203821656051, 0.6305732484076433, 0.29936305732484075, 0.535031847133758, 0.6050955414012739, 0.3375796178343949, 0.43312101910828027, 0.6178343949044586, 0.4267515923566879, 0.5031847133757962, 0.4585987261146497, 0.5159235668789809, 0.4140127388535032, 0.8089171974522293, 0.35668789808917195, 0.2611464968152866, 0.445859872611465, 0.802547770700637, 0.7133757961783439, 0.5414012738853503, 0.6878980891719745, 0.33121019108280253, 0.33121019108280253, 0.5031847133757962, 0.5477707006369427, 0.7070063694267515]}