{"DMCTS-mean": 0.6528347102226146, "OOS-100-v2-mean": 0.34716528977738537, "DMCTS": [0.17834394904458598, 0.8980891719745223, 0.6560509554140127, 0.7133757961783439, 0.8407643312101911, 0.7898089171974523, 0.802547770700637, 0.8089171974522293, 0.4394904458598726, 0.89171974522293, 0.5605095541401274, 0.5668789808917197, 0.3375796178343949, 0.6496815286624203, 0.42038216560509556, 0.6751592356687898, 0.49044585987261147, 0.8789808917197452, 0.9490445859872612, 0.8980891719745223, 0.24203821656050956, 0.8343949044585988, 0.8726114649681529, 0.47770700636942676, 0.4585987261146497, 0.4840764331210191, 0.445859872611465, 0.8726114649681529, 0.6624203821656051, 0.8789808917197452, 0.3630573248407643, 0.4140127388535032, 0.2929936305732484, 1.0, 0.8726114649681529, 0.6942675159235668, 0.6560509554140127, 0.4968152866242038, 0.8853503184713376, 0.5605095541401274, 0.910828025477707, 0.6687898089171974, 0.2929936305732484, 0.5477707006369427, 0.9872611464968153, 0.4394904458598726, 0.821656050955414, 0.554140127388535, 0.7070063694267515, 0.6114649681528662, 0.6496815286624203, 0.7707006369426752, 0.4394904458598726, 0.43312101910828027, 0.3057324840764331, 0.7197452229299363, 0.49044585987261147, 0.5095541401273885, 0.4713375796178344, 0.5286624203821656, 0.5286624203821656, 0.7261146496815286, 0.6369426751592356, 0.6305732484076433, 0.8343949044585988, 0.7261146496815286, 0.6942675159235668, 0.6751592356687898, 0.4585987261146497, 0.643312101910828, 0.89171974522293, 0.47770700636942676, 0.5796178343949044, 0.6942675159235668, 0.8853503184713376, 0.7197452229299363, 1.0, 0.6624203821656051, 0.9745222929936306, 0.9554140127388535, 0.4713375796178344, 0.6369426751592356, 0.8471337579617835, 0.4713375796178344, 0.821656050955414, 0.9872611464968153, 0.7643312101910829, 0.5159235668789809, 0.8407643312101911, 0.9872611464968153, 0.9490445859872612, 0.6815286624203821, 0.31210191082802546, 0.27388535031847133, 0.9363057324840764, 0.3248407643312102, 0.5859872611464968, 0.5477707006369427, 0.39490445859872614, 0.9426751592356688, 0.47770700636942676], "OOS-100-v2": [0.821656050955414, 0.10191082802547771, 0.34394904458598724, 0.28662420382165604, 0.1592356687898089, 0.21019108280254778, 0.19745222929936307, 0.1910828025477707, 0.5605095541401274, 0.10828025477707007, 0.4394904458598726, 0.43312101910828027, 0.6624203821656051, 0.3503184713375796, 0.5796178343949044, 0.3248407643312102, 0.5095541401273885, 0.12101910828025478, 0.050955414012738856, 0.10191082802547771, 0.7579617834394905, 0.16560509554140126, 0.12738853503184713, 0.5222929936305732, 0.5414012738853503, 0.5159235668789809, 0.554140127388535, 0.12738853503184713, 0.3375796178343949, 0.12101910828025478, 0.6369426751592356, 0.5859872611464968, 0.7070063694267515, 0.0, 0.12738853503184713, 0.3057324840764331, 0.34394904458598724, 0.5031847133757962, 0.11464968152866242, 0.4394904458598726, 0.08917197452229299, 0.33121019108280253, 0.7070063694267515, 0.45222929936305734, 0.012738853503184714, 0.5605095541401274, 0.17834394904458598, 0.445859872611465, 0.2929936305732484, 0.3885350318471338, 0.3503184713375796, 0.22929936305732485, 0.5605095541401274, 0.5668789808917197, 0.6942675159235668, 0.2802547770700637, 0.5095541401273885, 0.49044585987261147, 0.5286624203821656, 0.4713375796178344, 0.4713375796178344, 0.27388535031847133, 0.3630573248407643, 0.36942675159235666, 0.16560509554140126, 0.27388535031847133, 0.3057324840764331, 0.3248407643312102, 0.5414012738853503, 0.35668789808917195, 0.10828025477707007, 0.5222929936305732, 0.42038216560509556, 0.3057324840764331, 0.11464968152866242, 0.2802547770700637, 0.0, 0.3375796178343949, 0.025477707006369428, 0.044585987261146494, 0.5286624203821656, 0.3630573248407643, 0.15286624203821655, 0.5286624203821656, 0.17834394904458598, 0.012738853503184714, 0.2356687898089172, 0.4840764331210191, 0.1592356687898089, 0.012738853503184714, 0.050955414012738856, 0.3184713375796178, 0.6878980891719745, 0.7261146496815286, 0.06369426751592357, 0.6751592356687898, 0.4140127388535032, 0.45222929936305734, 0.6050955414012739, 0.05732484076433121, 0.5222929936305732]}