{"DMCTS-mean": 0.6774295263921297, "OOS-100-v4-mean": 0.32257047360787033, "DMCTS": [0.6178343949044586, 0.910828025477707, 0.3885350318471338, 0.7834394904458599, 0.8535031847133758, 1.0, 0.39490445859872614, 0.4713375796178344, 0.89171974522293, 0.9171974522292994, 1.0, 0.31210191082802546, 0.6560509554140127, 0.49044585987261147, 0.7834394904458599, 0.5987261146496815, 0.3375796178343949, 0.6687898089171974, 0.6878980891719745, 0.6751592356687898, 0.8980891719745223, 0.2229299363057325, 0.45222929936305734, 0.3375796178343949, 0.7133757961783439, 0.4713375796178344, 0.37579617834394907, 0.6369426751592356, 0.9617834394904459, 0.9617834394904459, 0.39490445859872614, 0.47770700636942676, 0.6496815286624203, 0.9681528662420382, 0.49044585987261147, 0.5732484076433121, 0.9617834394904459, 0.535031847133758, 0.6050955414012739, 0.9872611464968153, 0.802547770700637, 0.8471337579617835, 0.6560509554140127, 0.7643312101910829, 0.7643312101910829, 0.37579617834394907, 0.4968152866242038, 0.4713375796178344, 0.5031847133757962, 0.9617834394904459, 0.89171974522293, 0.821656050955414, 0.47770700636942676, 0.445859872611465, 0.8662420382165605, 0.8853503184713376, 0.8535031847133758, 0.6878980891719745, 0.31210191082802546, 0.6560509554140127, 0.8407643312101911, 0.8535031847133758, 0.8789808917197452, 0.47770700636942676, 0.8089171974522293, 0.45222929936305734, 0.8726114649681529, 0.7770700636942676, 0.8980891719745223, 0.7197452229299363, 0.5668789808917197, 0.6242038216560509, 0.6242038216560509, 0.89171974522293, 0.7834394904458599, 0.8535031847133758, 0.6369426751592356, 0.4267515923566879, 0.910828025477707, 0.821656050955414, 0.6942675159235668, 0.5923566878980892, 0.9681528662420382, 0.5668789808917197, 0.8853503184713376, 0.2611464968152866, 0.12738853503184713, 0.8662420382165605, 0.643312101910828, 0.7070063694267515, 0.643312101910828, 0.8471337579617835, 0.9872611464968153, 0.5987261146496815, 0.821656050955414, 1.0, 0.5987261146496815, 0.2929936305732484, 0.3248407643312102, 0.8789808917197452, 0.7388535031847133], "OOS-100-v4": [0.3821656050955414, 0.08917197452229299, 0.6114649681528662, 0.21656050955414013, 0.1464968152866242, 0.0, 0.6050955414012739, 0.5286624203821656, 0.10828025477707007, 0.08280254777070063, 0.0, 0.6878980891719745, 0.34394904458598724, 0.5095541401273885, 0.21656050955414013, 0.4012738853503185, 0.6624203821656051, 0.33121019108280253, 0.31210191082802546, 0.3248407643312102, 0.10191082802547771, 0.7770700636942676, 0.5477707006369427, 0.6624203821656051, 0.28662420382165604, 0.5286624203821656, 0.6242038216560509, 0.3630573248407643, 0.03821656050955414, 0.03821656050955414, 0.6050955414012739, 0.5222929936305732, 0.3503184713375796, 0.03184713375796178, 0.5095541401273885, 0.4267515923566879, 0.03821656050955414, 0.46496815286624205, 0.39490445859872614, 0.012738853503184714, 0.19745222929936307, 0.15286624203821655, 0.34394904458598724, 0.2356687898089172, 0.2356687898089172, 0.6242038216560509, 0.5031847133757962, 0.5286624203821656, 0.4968152866242038, 0.03821656050955414, 0.10828025477707007, 0.17834394904458598, 0.5222929936305732, 0.554140127388535, 0.1337579617834395, 0.11464968152866242, 0.1464968152866242, 0.31210191082802546, 0.6878980891719745, 0.34394904458598724, 0.1592356687898089, 0.1464968152866242, 0.12101910828025478, 0.5222929936305732, 0.1910828025477707, 0.5477707006369427, 0.12738853503184713, 0.2229299363057325, 0.10191082802547771, 0.2802547770700637, 0.43312101910828027, 0.37579617834394907, 0.37579617834394907, 0.10828025477707007, 0.21656050955414013, 0.1464968152866242, 0.3630573248407643, 0.5732484076433121, 0.08917197452229299, 0.17834394904458598, 0.3057324840764331, 0.40764331210191085, 0.03184713375796178, 0.43312101910828027, 0.11464968152866242, 0.7388535031847133, 0.8726114649681529, 0.1337579617834395, 0.35668789808917195, 0.2929936305732484, 0.35668789808917195, 0.15286624203821655, 0.012738853503184714, 0.4012738853503185, 0.17834394904458598, 0.0, 0.4012738853503185, 0.7070063694267515, 0.6751592356687898, 0.12101910828025478, 0.2611464968152866]}