{"DMCTS-mean": 0.6907359525761495, "OOS-100-v3-mean": 0.3092640474238507, "DMCTS": [0.3630573248407643, 0.7707006369426752, 0.732484076433121, 0.9617834394904459, 0.7707006369426752, 0.4394904458598726, 0.910828025477707, 0.8726114649681529, 0.89171974522293, 0.4012738853503185, 0.8152866242038217, 0.42038216560509556, 0.8598726114649682, 0.6815286624203821, 0.8853503184713376, 0.36942675159235666, 0.7133757961783439, 0.7707006369426752, 0.7515923566878981, 0.5668789808917197, 0.5605095541401274, 0.9044585987261147, 0.5605095541401274, 0.7834394904458599, 0.29936305732484075, 0.33121019108280253, 0.8280254777070064, 0.7515923566878981, 0.8152866242038217, 0.47770700636942676, 0.45222929936305734, 0.6114649681528662, 0.7579617834394905, 0.3885350318471338, 0.9617834394904459, 0.9554140127388535, 0.7133757961783439, 0.8662420382165605, 0.6815286624203821, 0.6751592356687898, 0.6878980891719745, 0.7452229299363057, 0.7133757961783439, 0.7579617834394905, 0.6114649681528662, 0.9808917197452229, 0.7388535031847133, 0.9299363057324841, 0.6878980891719745, 0.9044585987261147, 0.7643312101910829, 0.7770700636942676, 0.5414012738853503, 0.8789808917197452, 0.7006369426751592, 0.7579617834394905, 0.29936305732484075, 0.9808917197452229, 0.4968152866242038, 0.22929936305732485, 0.8407643312101911, 0.6942675159235668, 0.802547770700637, 0.6496815286624203, 0.6305732484076433, 0.8535031847133758, 1.0, 1.0, 0.8726114649681529, 0.5987261146496815, 0.9745222929936306, 0.7643312101910829, 0.6369426751592356, 0.8407643312101911, 0.5668789808917197, 0.4840764331210191, 0.7643312101910829, 0.5477707006369427, 0.3184713375796178, 0.8280254777070064, 0.4840764331210191, 0.6242038216560509, 0.7452229299363057, 0.4713375796178344, 0.6178343949044586, 0.8535031847133758, 0.7261146496815286, 0.802547770700637, 0.21656050955414013, 0.43312101910828027, 0.49044585987261147, 0.7388535031847133, 0.6369426751592356, 1.0, 0.9617834394904459, 1.0, 0.8089171974522293, 0.49044585987261147, 0.6942675159235668, 0.35668789808917195, 0.43312101910828027], "OOS-100-v3": [0.6369426751592356, 0.22929936305732485, 0.267515923566879, 0.03821656050955414, 0.22929936305732485, 0.5605095541401274, 0.08917197452229299, 0.12738853503184713, 0.10828025477707007, 0.5987261146496815, 0.18471337579617833, 0.5796178343949044, 0.14012738853503184, 0.3184713375796178, 0.11464968152866242, 0.6305732484076433, 0.28662420382165604, 0.22929936305732485, 0.2484076433121019, 0.43312101910828027, 0.4394904458598726, 0.09554140127388536, 0.4394904458598726, 0.21656050955414013, 0.7006369426751592, 0.6687898089171974, 0.17197452229299362, 0.2484076433121019, 0.18471337579617833, 0.5222929936305732, 0.5477707006369427, 0.3885350318471338, 0.24203821656050956, 0.6114649681528662, 0.03821656050955414, 0.044585987261146494, 0.28662420382165604, 0.1337579617834395, 0.3184713375796178, 0.3248407643312102, 0.31210191082802546, 0.25477707006369427, 0.28662420382165604, 0.24203821656050956, 0.3885350318471338, 0.01910828025477707, 0.2611464968152866, 0.07006369426751592, 0.31210191082802546, 0.09554140127388536, 0.2356687898089172, 0.2229299363057325, 0.4585987261146497, 0.12101910828025478, 0.29936305732484075, 0.24203821656050956, 0.7006369426751592, 0.01910828025477707, 0.5031847133757962, 0.7707006369426752, 0.1592356687898089, 0.3057324840764331, 0.19745222929936307, 0.3503184713375796, 0.36942675159235666, 0.1464968152866242, 0.0, 0.0, 0.12738853503184713, 0.4012738853503185, 0.025477707006369428, 0.2356687898089172, 0.3630573248407643, 0.1592356687898089, 0.43312101910828027, 0.5159235668789809, 0.2356687898089172, 0.45222929936305734, 0.6815286624203821, 0.17197452229299362, 0.5159235668789809, 0.37579617834394907, 0.25477707006369427, 0.5286624203821656, 0.3821656050955414, 0.1464968152866242, 0.27388535031847133, 0.19745222929936307, 0.7834394904458599, 0.5668789808917197, 0.5095541401273885, 0.2611464968152866, 0.3630573248407643, 0.0, 0.03821656050955414, 0.0, 0.1910828025477707, 0.5095541401273885, 0.3057324840764331, 0.643312101910828, 0.5668789808917197]}