{"DMCTS-mean": 0.5895818881251181, "OOS-100000-v4-mean": 0.4104181118748818, "DMCTS": [0.4968152866242038, 0.8152866242038217, 0.3248407643312102, 0.6878980891719745, 0.7643312101910829, 0.6751592356687898, 0.5031847133757962, 0.7070063694267515, 0.8280254777070064, 0.7133757961783439, 0.5031847133757962, 0.3184713375796178, 0.89171974522293, 0.4968152866242038, 0.5159235668789809, 0.6942675159235668, 0.7133757961783439, 0.4968152866242038, 0.6114649681528662, 0.910828025477707, 0.7452229299363057, 0.6050955414012739, 0.7707006369426752, 0.5987261146496815, 0.3248407643312102, 0.7006369426751592, 0.5796178343949044, 0.46496815286624205, 0.5031847133757962, 0.3821656050955414, 0.1910828025477707, 0.3184713375796178, 0.40764331210191085, 0.6050955414012739, 0.4840764331210191, 0.535031847133758, 0.6369426751592356, 0.3503184713375796, 0.8471337579617835, 0.7197452229299363, 1.0, 0.7770700636942676, 0.643312101910828, 1.0, 0.8789808917197452, 0.1464968152866242, 0.7070063694267515, 0.7770700636942676, 0.46496815286624205, 0.2802547770700637, 0.5477707006369427, 0.35668789808917195, 0.5605095541401274, 0.4012738853503185, 0.8089171974522293, 0.6942675159235668, 0.5095541401273885, 0.5796178343949044, 0.4394904458598726, 0.2802547770700637, 0.8853503184713376, 0.4840764331210191, 0.6050955414012739, 0.45222929936305734, 0.43312101910828027, 0.5477707006369427, 0.5668789808917197, 0.22929936305732485, 0.5987261146496815, 0.5095541401273885, 0.42038216560509556, 0.5987261146496815, 0.7133757961783439, 0.9235668789808917, 0.267515923566879, 0.6369426751592356, 0.4713375796178344, 0.18471337579617833, 0.5923566878980892, 0.34394904458598724, 0.821656050955414, 0.6560509554140127, 0.6242038216560509, 0.6369426751592356, 0.5605095541401274, 0.6751592356687898, 0.4840764331210191, 0.6624203821656051, 0.6496815286624203, 0.5286624203821656, 0.9171974522292994, 0.6560509554140127, 0.7261146496815286, 0.2929936305732484, 1.0, 0.7133757961783439, 0.6178343949044586, 0.9681528662420382, 0.2611464968152866, 0.5414012738853503, 0.7961783439490446], "OOS-100000-v4": [0.5031847133757962, 0.18471337579617833, 0.6751592356687898, 0.31210191082802546, 0.2356687898089172, 0.3248407643312102, 0.4968152866242038, 0.2929936305732484, 0.17197452229299362, 0.28662420382165604, 0.4968152866242038, 0.6815286624203821, 0.10828025477707007, 0.5031847133757962, 0.4840764331210191, 0.3057324840764331, 0.28662420382165604, 0.5031847133757962, 0.3885350318471338, 0.08917197452229299, 0.25477707006369427, 0.39490445859872614, 0.22929936305732485, 0.4012738853503185, 0.6751592356687898, 0.29936305732484075, 0.42038216560509556, 0.535031847133758, 0.4968152866242038, 0.6178343949044586, 0.8089171974522293, 0.6815286624203821, 0.5923566878980892, 0.39490445859872614, 0.5159235668789809, 0.46496815286624205, 0.3630573248407643, 0.6496815286624203, 0.15286624203821655, 0.2802547770700637, 0.0, 0.2229299363057325, 0.35668789808917195, 0.0, 0.12101910828025478, 0.8535031847133758, 0.2929936305732484, 0.2229299363057325, 0.535031847133758, 0.7197452229299363, 0.45222929936305734, 0.643312101910828, 0.4394904458598726, 0.5987261146496815, 0.1910828025477707, 0.3057324840764331, 0.49044585987261147, 0.42038216560509556, 0.5605095541401274, 0.7197452229299363, 0.11464968152866242, 0.5159235668789809, 0.39490445859872614, 0.5477707006369427, 0.5668789808917197, 0.45222929936305734, 0.43312101910828027, 0.7707006369426752, 0.4012738853503185, 0.49044585987261147, 0.5796178343949044, 0.4012738853503185, 0.28662420382165604, 0.07643312101910828, 0.732484076433121, 0.3630573248407643, 0.5286624203821656, 0.8152866242038217, 0.40764331210191085, 0.6560509554140127, 0.17834394904458598, 0.34394904458598724, 0.37579617834394907, 0.3630573248407643, 0.4394904458598726, 0.3248407643312102, 0.5159235668789809, 0.3375796178343949, 0.3503184713375796, 0.4713375796178344, 0.08280254777070063, 0.34394904458598724, 0.27388535031847133, 0.7070063694267515, 0.0, 0.28662420382165604, 0.3821656050955414, 0.03184713375796178, 0.7388535031847133, 0.4585987261146497, 0.20382165605095542]}