{"DMCTS-mean": 0.6082487229614681, "OOS-1000-v3-mean": 0.3917512770385319, "DMCTS": [0.5095541401273885, 0.5031847133757962, 0.6687898089171974, 0.6942675159235668, 0.7961783439490446, 0.7707006369426752, 0.7070063694267515, 0.732484076433121, 0.8789808917197452, 0.5605095541401274, 0.7070063694267515, 0.7707006369426752, 0.4140127388535032, 0.267515923566879, 0.7643312101910829, 0.5286624203821656, 0.8980891719745223, 0.43312101910828027, 0.7197452229299363, 0.5414012738853503, 0.732484076433121, 0.5987261146496815, 0.7898089171974523, 0.9745222929936306, 0.9044585987261147, 0.5095541401273885, 0.47770700636942676, 0.554140127388535, 0.9363057324840764, 0.3885350318471338, 0.43312101910828027, 0.42038216560509556, 0.46496815286624205, 0.6242038216560509, 0.3503184713375796, 0.6496815286624203, 0.3057324840764331, 0.6942675159235668, 0.4968152866242038, 0.643312101910828, 0.7388535031847133, 0.6942675159235668, 0.8662420382165605, 0.6687898089171974, 0.29936305732484075, 0.7515923566878981, 0.7579617834394905, 0.4713375796178344, 0.3821656050955414, 0.6178343949044586, 0.5095541401273885, 0.6560509554140127, 0.8980891719745223, 0.5987261146496815, 0.46496815286624205, 0.1592356687898089, 0.9426751592356688, 0.6815286624203821, 0.9044585987261147, 0.9554140127388535, 0.535031847133758, 0.18471337579617833, 0.5859872611464968, 0.49044585987261147, 0.8853503184713376, 0.3248407643312102, 0.6369426751592356, 0.8471337579617835, 0.7579617834394905, 0.8853503184713376, 0.6496815286624203, 0.34394904458598724, 0.3248407643312102, 0.45222929936305734, 0.9171974522292994, 0.4585987261146497, 0.49044585987261147, 0.43312101910828027, 0.7961783439490446, 0.5732484076433121, 0.39490445859872614, 0.7515923566878981, 0.8853503184713376, 0.5605095541401274, 0.20382165605095542, 0.89171974522293, 0.6114649681528662, 0.45222929936305734, 0.6114649681528662, 0.7834394904458599, 0.3503184713375796, 0.89171974522293, 0.1464968152866242, 0.36942675159235666, 0.3630573248407643, 0.7261146496815286, 0.4713375796178344, 0.8343949044585988, 0.5923566878980892, 0.6687898089171974, 0.46496815286624205], "OOS-1000-v3": [0.49044585987261147, 0.4968152866242038, 0.33121019108280253, 0.3057324840764331, 0.20382165605095542, 0.22929936305732485, 0.2929936305732484, 0.267515923566879, 0.12101910828025478, 0.4394904458598726, 0.2929936305732484, 0.22929936305732485, 0.5859872611464968, 0.732484076433121, 0.2356687898089172, 0.4713375796178344, 0.10191082802547771, 0.5668789808917197, 0.2802547770700637, 0.4585987261146497, 0.267515923566879, 0.4012738853503185, 0.21019108280254778, 0.025477707006369428, 0.09554140127388536, 0.49044585987261147, 0.5222929936305732, 0.445859872611465, 0.06369426751592357, 0.6114649681528662, 0.5668789808917197, 0.5796178343949044, 0.535031847133758, 0.37579617834394907, 0.6496815286624203, 0.3503184713375796, 0.6942675159235668, 0.3057324840764331, 0.5031847133757962, 0.35668789808917195, 0.2611464968152866, 0.3057324840764331, 0.1337579617834395, 0.33121019108280253, 0.7006369426751592, 0.2484076433121019, 0.24203821656050956, 0.5286624203821656, 0.6178343949044586, 0.3821656050955414, 0.49044585987261147, 0.34394904458598724, 0.10191082802547771, 0.4012738853503185, 0.535031847133758, 0.8407643312101911, 0.05732484076433121, 0.3184713375796178, 0.09554140127388536, 0.044585987261146494, 0.46496815286624205, 0.8152866242038217, 0.4140127388535032, 0.5095541401273885, 0.11464968152866242, 0.6751592356687898, 0.3630573248407643, 0.15286624203821655, 0.24203821656050956, 0.11464968152866242, 0.3503184713375796, 0.6560509554140127, 0.6751592356687898, 0.5477707006369427, 0.08280254777070063, 0.5414012738853503, 0.5095541401273885, 0.5668789808917197, 0.20382165605095542, 0.4267515923566879, 0.6050955414012739, 0.2484076433121019, 0.11464968152866242, 0.4394904458598726, 0.7961783439490446, 0.10828025477707007, 0.3885350318471338, 0.5477707006369427, 0.3885350318471338, 0.21656050955414013, 0.6496815286624203, 0.10828025477707007, 0.8535031847133758, 0.6305732484076433, 0.6369426751592356, 0.27388535031847133, 0.5286624203821656, 0.16560509554140126, 0.40764331210191085, 0.33121019108280253, 0.535031847133758]}