{"DMCTS-mean": 0.576527716465914, "OOS-100000-v2-mean": 0.42347228353408595, "DMCTS": [0.43312101910828027, 0.4968152866242038, 0.7961783439490446, 1.0, 0.8535031847133758, 0.5987261146496815, 0.6624203821656051, 0.6369426751592356, 0.37579617834394907, 0.3821656050955414, 0.4968152866242038, 0.8662420382165605, 0.39490445859872614, 0.4140127388535032, 0.7133757961783439, 0.7388535031847133, 0.5414012738853503, 0.3248407643312102, 0.8726114649681529, 0.37579617834394907, 0.45222929936305734, 0.8980891719745223, 0.2484076433121019, 0.5987261146496815, 0.025477707006369428, 0.49044585987261147, 0.6942675159235668, 1.0, 0.6178343949044586, 1.0, 0.5923566878980892, 0.5222929936305732, 0.802547770700637, 0.5605095541401274, 0.5031847133757962, 0.5095541401273885, 0.4140127388535032, 0.8853503184713376, 0.7834394904458599, 0.5477707006369427, 0.2802547770700637, 0.8280254777070064, 0.89171974522293, 0.4012738853503185, 0.7515923566878981, 0.6496815286624203, 0.3503184713375796, 0.5222929936305732, 0.46496815286624205, 0.6242038216560509, 0.4713375796178344, 0.2611464968152866, 0.22929936305732485, 0.5732484076433121, 0.4012738853503185, 0.6178343949044586, 0.3885350318471338, 0.4394904458598726, 0.6242038216560509, 0.3821656050955414, 0.24203821656050956, 0.7579617834394905, 0.20382165605095542, 0.4585987261146497, 0.9808917197452229, 0.47770700636942676, 0.7133757961783439, 0.7961783439490446, 0.5732484076433121, 0.5159235668789809, 0.535031847133758, 0.12101910828025478, 0.5923566878980892, 0.802547770700637, 0.4394904458598726, 0.49044585987261147, 0.4840764331210191, 0.6624203821656051, 0.6050955414012739, 0.5923566878980892, 0.21656050955414013, 0.9490445859872612, 0.7707006369426752, 0.4267515923566879, 0.7452229299363057, 0.47770700636942676, 0.29936305732484075, 0.554140127388535, 0.3885350318471338, 0.7452229299363057, 0.6560509554140127, 0.732484076433121, 0.5668789808917197, 0.9808917197452229, 0.46496815286624205, 0.40764331210191085, 0.9299363057324841, 0.8789808917197452, 0.4968152866242038, 0.49044585987261147, 0.732484076433121], "OOS-100000-v2": [0.5668789808917197, 0.5031847133757962, 0.20382165605095542, 0.0, 0.1464968152866242, 0.4012738853503185, 0.3375796178343949, 0.3630573248407643, 0.6242038216560509, 0.6178343949044586, 0.5031847133757962, 0.1337579617834395, 0.6050955414012739, 0.5859872611464968, 0.28662420382165604, 0.2611464968152866, 0.4585987261146497, 0.6751592356687898, 0.12738853503184713, 0.6242038216560509, 0.5477707006369427, 0.10191082802547771, 0.7515923566878981, 0.4012738853503185, 0.9745222929936306, 0.5095541401273885, 0.3057324840764331, 0.0, 0.3821656050955414, 0.0, 0.40764331210191085, 0.47770700636942676, 0.19745222929936307, 0.4394904458598726, 0.4968152866242038, 0.49044585987261147, 0.5859872611464968, 0.11464968152866242, 0.21656050955414013, 0.45222929936305734, 0.7197452229299363, 0.17197452229299362, 0.10828025477707007, 0.5987261146496815, 0.2484076433121019, 0.3503184713375796, 0.6496815286624203, 0.47770700636942676, 0.535031847133758, 0.37579617834394907, 0.5286624203821656, 0.7388535031847133, 0.7707006369426752, 0.4267515923566879, 0.5987261146496815, 0.3821656050955414, 0.6114649681528662, 0.5605095541401274, 0.37579617834394907, 0.6178343949044586, 0.7579617834394905, 0.24203821656050956, 0.7961783439490446, 0.5414012738853503, 0.01910828025477707, 0.5222929936305732, 0.28662420382165604, 0.20382165605095542, 0.4267515923566879, 0.4840764331210191, 0.46496815286624205, 0.8789808917197452, 0.40764331210191085, 0.19745222929936307, 0.5605095541401274, 0.5095541401273885, 0.5159235668789809, 0.3375796178343949, 0.39490445859872614, 0.40764331210191085, 0.7834394904458599, 0.050955414012738856, 0.22929936305732485, 0.5732484076433121, 0.25477707006369427, 0.5222929936305732, 0.7006369426751592, 0.445859872611465, 0.6114649681528662, 0.25477707006369427, 0.34394904458598724, 0.267515923566879, 0.43312101910828027, 0.01910828025477707, 0.535031847133758, 0.5923566878980892, 0.07006369426751592, 0.12101910828025478, 0.5031847133757962, 0.5095541401273885, 0.267515923566879]}