{"DMCTS-mean": 0.5810682979125938, "OOS-10000-mean": 0.4189317020874062, "DMCTS": [0.5923566878980892, 0.821656050955414, 0.8789808917197452, 0.8980891719745223, 0.3248407643312102, 0.15286624203821655, 0.9426751592356688, 0.8662420382165605, 0.821656050955414, 0.5031847133757962, 0.6496815286624203, 0.5477707006369427, 0.46496815286624205, 0.5987261146496815, 0.6942675159235668, 0.5159235668789809, 0.5605095541401274, 0.28662420382165604, 0.3503184713375796, 0.3630573248407643, 0.821656050955414, 0.5732484076433121, 0.5414012738853503, 0.910828025477707, 0.4012738853503185, 0.6178343949044586, 0.3885350318471338, 0.8280254777070064, 0.7770700636942676, 0.8407643312101911, 0.5923566878980892, 0.4968152866242038, 0.10828025477707007, 0.49044585987261147, 0.8471337579617835, 0.35668789808917195, 0.3630573248407643, 0.5732484076433121, 0.45222929936305734, 0.21656050955414013, 0.6369426751592356, 0.43312101910828027, 0.6624203821656051, 0.5859872611464968, 0.9044585987261147, 0.4713375796178344, 0.24203821656050956, 0.4394904458598726, 0.445859872611465, 0.4585987261146497, 0.4968152866242038, 0.7770700636942676, 0.4012738853503185, 0.7006369426751592, 0.4267515923566879, 1.0, 0.31210191082802546, 0.8662420382165605, 0.43312101910828027, 0.6560509554140127, 0.7261146496815286, 1.0, 0.445859872611465, 0.47770700636942676, 0.7515923566878981, 0.732484076433121, 0.4012738853503185, 0.6496815286624203, 0.6305732484076433, 0.6305732484076433, 0.33121019108280253, 0.3248407643312102, 0.821656050955414, 0.3503184713375796, 0.4713375796178344, 0.7452229299363057, 0.1464968152866242, 0.6624203821656051, 0.7452229299363057, 0.6687898089171974, 0.6242038216560509, 0.19745222929936307, 0.7133757961783439, 0.910828025477707, 0.1910828025477707, 0.7770700636942676, 0.6242038216560509, 0.4713375796178344, 0.5031847133757962, 0.5095541401273885, 0.9681528662420382, 1.0, 0.2802547770700637, 0.43312101910828027, 0.7643312101910829, 0.9235668789808917, 0.8535031847133758, 0.12738853503184713, 0.20382165605095542, 0.8280254777070064, 0.6878980891719745], "OOS-10000": [0.40764331210191085, 0.17834394904458598, 0.12101910828025478, 0.10191082802547771, 0.6751592356687898, 0.8471337579617835, 0.05732484076433121, 0.1337579617834395, 0.17834394904458598, 0.4968152866242038, 0.3503184713375796, 0.45222929936305734, 0.535031847133758, 0.4012738853503185, 0.3057324840764331, 0.4840764331210191, 0.4394904458598726, 0.7133757961783439, 0.6496815286624203, 0.6369426751592356, 0.17834394904458598, 0.4267515923566879, 0.4585987261146497, 0.08917197452229299, 0.5987261146496815, 0.3821656050955414, 0.6114649681528662, 0.17197452229299362, 0.2229299363057325, 0.1592356687898089, 0.40764331210191085, 0.5031847133757962, 0.89171974522293, 0.5095541401273885, 0.15286624203821655, 0.643312101910828, 0.6369426751592356, 0.4267515923566879, 0.5477707006369427, 0.7834394904458599, 0.3630573248407643, 0.5668789808917197, 0.3375796178343949, 0.4140127388535032, 0.09554140127388536, 0.5286624203821656, 0.7579617834394905, 0.5605095541401274, 0.554140127388535, 0.5414012738853503, 0.5031847133757962, 0.2229299363057325, 0.5987261146496815, 0.29936305732484075, 0.5732484076433121, 0.0, 0.6878980891719745, 0.1337579617834395, 0.5668789808917197, 0.34394904458598724, 0.27388535031847133, 0.0, 0.554140127388535, 0.5222929936305732, 0.2484076433121019, 0.267515923566879, 0.5987261146496815, 0.3503184713375796, 0.36942675159235666, 0.36942675159235666, 0.6687898089171974, 0.6751592356687898, 0.17834394904458598, 0.6496815286624203, 0.5286624203821656, 0.25477707006369427, 0.8535031847133758, 0.3375796178343949, 0.25477707006369427, 0.33121019108280253, 0.37579617834394907, 0.802547770700637, 0.28662420382165604, 0.08917197452229299, 0.8089171974522293, 0.2229299363057325, 0.37579617834394907, 0.5286624203821656, 0.4968152866242038, 0.49044585987261147, 0.03184713375796178, 0.0, 0.7197452229299363, 0.5668789808917197, 0.2356687898089172, 0.07643312101910828, 0.1464968152866242, 0.8726114649681529, 0.7961783439490446, 0.17197452229299362, 0.31210191082802546]}