{"DMCTS-mean": 0.594059405940594, "OOS-1000-v2-mean": 0.40594059405940597, "DMCTS": [0.33121019108280253, 0.9872611464968153, 0.4585987261146497, 0.37579617834394907, 1.0, 0.6942675159235668, 0.6305732484076433, 0.11464968152866242, 0.6942675159235668, 0.8089171974522293, 0.554140127388535, 0.5987261146496815, 0.7261146496815286, 1.0, 0.6624203821656051, 0.29936305732484075, 0.35668789808917195, 0.3503184713375796, 0.7261146496815286, 0.4968152866242038, 0.6687898089171974, 0.6815286624203821, 0.37579617834394907, 0.3630573248407643, 0.6496815286624203, 0.3184713375796178, 0.5605095541401274, 0.5732484076433121, 0.7770700636942676, 0.15286624203821655, 0.802547770700637, 0.39490445859872614, 0.46496815286624205, 0.7834394904458599, 0.2802547770700637, 0.8280254777070064, 1.0, 0.6178343949044586, 0.3375796178343949, 0.8471337579617835, 0.5286624203821656, 0.9044585987261147, 0.4012738853503185, 0.34394904458598724, 0.8789808917197452, 0.7834394904458599, 0.8726114649681529, 0.6878980891719745, 0.6751592356687898, 0.445859872611465, 1.0, 0.732484076433121, 0.45222929936305734, 0.9681528662420382, 0.802547770700637, 0.6687898089171974, 0.6687898089171974, 0.5477707006369427, 0.4012738853503185, 0.6878980891719745, 0.9872611464968153, 0.9490445859872612, 0.5031847133757962, 0.89171974522293, 0.821656050955414, 0.3248407643312102, 0.7579617834394905, 0.43312101910828027, 0.8089171974522293, 0.8089171974522293, 0.34394904458598724, 0.8343949044585988, 0.4968152866242038, 0.4585987261146497, 0.6942675159235668, 0.3821656050955414, 0.535031847133758, 0.8280254777070064, 0.6560509554140127, 0.2229299363057325, 0.20382165605095542, 0.5732484076433121, 0.49044585987261147, 0.6942675159235668, 0.4840764331210191, 0.445859872611465, 0.31210191082802546, 0.49044585987261147, 0.7898089171974523, 0.6687898089171974, 0.7452229299363057, 0.8343949044585988, 0.40764331210191085, 0.6560509554140127, 0.1910828025477707, 0.5796178343949044, 0.31210191082802546, 0.17197452229299362, 0.5605095541401274, 0.17834394904458598, 0.6751592356687898], "OOS-1000-v2": [0.6687898089171974, 0.012738853503184714, 0.5414012738853503, 0.6242038216560509, 0.0, 0.3057324840764331, 0.36942675159235666, 0.8853503184713376, 0.3057324840764331, 0.1910828025477707, 0.445859872611465, 0.4012738853503185, 0.27388535031847133, 0.0, 0.3375796178343949, 0.7006369426751592, 0.643312101910828, 0.6496815286624203, 0.27388535031847133, 0.5031847133757962, 0.33121019108280253, 0.3184713375796178, 0.6242038216560509, 0.6369426751592356, 0.3503184713375796, 0.6815286624203821, 0.4394904458598726, 0.4267515923566879, 0.2229299363057325, 0.8471337579617835, 0.19745222929936307, 0.6050955414012739, 0.535031847133758, 0.21656050955414013, 0.7197452229299363, 0.17197452229299362, 0.0, 0.3821656050955414, 0.6624203821656051, 0.15286624203821655, 0.4713375796178344, 0.09554140127388536, 0.5987261146496815, 0.6560509554140127, 0.12101910828025478, 0.21656050955414013, 0.12738853503184713, 0.31210191082802546, 0.3248407643312102, 0.554140127388535, 0.0, 0.267515923566879, 0.5477707006369427, 0.03184713375796178, 0.19745222929936307, 0.33121019108280253, 0.33121019108280253, 0.45222929936305734, 0.5987261146496815, 0.31210191082802546, 0.012738853503184714, 0.050955414012738856, 0.4968152866242038, 0.10828025477707007, 0.17834394904458598, 0.6751592356687898, 0.24203821656050956, 0.5668789808917197, 0.1910828025477707, 0.1910828025477707, 0.6560509554140127, 0.16560509554140126, 0.5031847133757962, 0.5414012738853503, 0.3057324840764331, 0.6178343949044586, 0.46496815286624205, 0.17197452229299362, 0.34394904458598724, 0.7770700636942676, 0.7961783439490446, 0.4267515923566879, 0.5095541401273885, 0.3057324840764331, 0.5159235668789809, 0.554140127388535, 0.6878980891719745, 0.5095541401273885, 0.21019108280254778, 0.33121019108280253, 0.25477707006369427, 0.16560509554140126, 0.5923566878980892, 0.34394904458598724, 0.8089171974522293, 0.42038216560509556, 0.6878980891719745, 0.8280254777070064, 0.4394904458598726, 0.821656050955414, 0.3248407643312102]}