{"DMCTS-mean": 0.6282398940530995, "OOS-10000-v4-mean": 0.37176010594690045, "DMCTS": [0.821656050955414, 0.7834394904458599, 0.45222929936305734, 0.7770700636942676, 0.7515923566878981, 0.6496815286624203, 0.29936305732484075, 0.4968152866242038, 0.34394904458598724, 0.2929936305732484, 0.4394904458598726, 0.6050955414012739, 0.267515923566879, 0.1337579617834395, 0.3375796178343949, 0.8407643312101911, 0.5031847133757962, 0.9044585987261147, 0.42038216560509556, 0.445859872611465, 0.9554140127388535, 0.910828025477707, 0.8280254777070064, 0.5796178343949044, 0.46496815286624205, 0.7707006369426752, 0.6687898089171974, 0.8980891719745223, 0.8789808917197452, 0.46496815286624205, 0.535031847133758, 0.8980891719745223, 0.2929936305732484, 0.3184713375796178, 0.7707006369426752, 0.7006369426751592, 0.6114649681528662, 0.8853503184713376, 0.3248407643312102, 0.445859872611465, 0.7707006369426752, 0.2611464968152866, 0.4267515923566879, 0.7961783439490446, 0.8535031847133758, 0.4968152866242038, 0.6878980891719745, 0.3503184713375796, 0.8343949044585988, 0.6114649681528662, 0.7261146496815286, 0.732484076433121, 0.643312101910828, 0.6369426751592356, 0.33121019108280253, 0.4394904458598726, 0.7006369426751592, 0.4012738853503185, 0.821656050955414, 0.8089171974522293, 0.9171974522292994, 0.7515923566878981, 0.2802547770700637, 0.9808917197452229, 0.4840764331210191, 1.0, 0.7452229299363057, 0.8407643312101911, 0.9872611464968153, 0.8726114649681529, 0.5923566878980892, 0.7261146496815286, 0.6878980891719745, 0.7579617834394905, 0.8407643312101911, 0.7452229299363057, 0.7452229299363057, 1.0, 0.5222929936305732, 0.3821656050955414, 0.6687898089171974, 1.0, 0.7770700636942676, 0.17197452229299362, 0.4012738853503185, 0.47770700636942676, 0.7133757961783439, 0.267515923566879, 0.39490445859872614, 0.8280254777070064, 0.2802547770700637, 0.9426751592356688, 0.6242038216560509, 0.4140127388535032, 1.0, 0.15286624203821655, 0.8662420382165605, 0.7770700636942676, 0.7070063694267515, 0.5222929936305732, 0.5031847133757962], "OOS-10000-v4": [0.17834394904458598, 0.21656050955414013, 0.5477707006369427, 0.2229299363057325, 0.2484076433121019, 0.3503184713375796, 0.7006369426751592, 0.5031847133757962, 0.6560509554140127, 0.7070063694267515, 0.5605095541401274, 0.39490445859872614, 0.732484076433121, 0.8662420382165605, 0.6624203821656051, 0.1592356687898089, 0.4968152866242038, 0.09554140127388536, 0.5796178343949044, 0.554140127388535, 0.044585987261146494, 0.08917197452229299, 0.17197452229299362, 0.42038216560509556, 0.535031847133758, 0.22929936305732485, 0.33121019108280253, 0.10191082802547771, 0.12101910828025478, 0.535031847133758, 0.46496815286624205, 0.10191082802547771, 0.7070063694267515, 0.6815286624203821, 0.22929936305732485, 0.29936305732484075, 0.3885350318471338, 0.11464968152866242, 0.6751592356687898, 0.554140127388535, 0.22929936305732485, 0.7388535031847133, 0.5732484076433121, 0.20382165605095542, 0.1464968152866242, 0.5031847133757962, 0.31210191082802546, 0.6496815286624203, 0.16560509554140126, 0.3885350318471338, 0.27388535031847133, 0.267515923566879, 0.35668789808917195, 0.3630573248407643, 0.6687898089171974, 0.5605095541401274, 0.29936305732484075, 0.5987261146496815, 0.17834394904458598, 0.1910828025477707, 0.08280254777070063, 0.2484076433121019, 0.7197452229299363, 0.01910828025477707, 0.5159235668789809, 0.0, 0.25477707006369427, 0.1592356687898089, 0.012738853503184714, 0.12738853503184713, 0.40764331210191085, 0.27388535031847133, 0.31210191082802546, 0.24203821656050956, 0.1592356687898089, 0.25477707006369427, 0.25477707006369427, 0.0, 0.47770700636942676, 0.6178343949044586, 0.33121019108280253, 0.0, 0.2229299363057325, 0.8280254777070064, 0.5987261146496815, 0.5222929936305732, 0.28662420382165604, 0.732484076433121, 0.6050955414012739, 0.17197452229299362, 0.7197452229299363, 0.05732484076433121, 0.37579617834394907, 0.5859872611464968, 0.0, 0.8471337579617835, 0.1337579617834395, 0.2229299363057325, 0.2929936305732484, 0.47770700636942676, 0.4968152866242038]}