{"DMCTS-mean": 0.620891719745223, "OOS-1000-mean": 0.37910828025477705, "DMCTS": [0.6687898089171974, 0.8407643312101911, 0.4713375796178344, 0.3885350318471338, 0.267515923566879, 0.821656050955414, 0.5923566878980892, 0.42038216560509556, 0.2802547770700637, 0.47770700636942676, 0.4394904458598726, 0.554140127388535, 0.6496815286624203, 0.910828025477707, 0.7006369426751592, 0.8407643312101911, 0.6242038216560509, 0.9299363057324841, 0.6050955414012739, 0.2802547770700637, 0.7898089171974523, 0.7898089171974523, 0.910828025477707, 0.4585987261146497, 0.6369426751592356, 0.6560509554140127, 0.7898089171974523, 0.6496815286624203, 0.6687898089171974, 0.8280254777070064, 0.6815286624203821, 0.37579617834394907, 0.4394904458598726, 0.5095541401273885, 0.6560509554140127, 0.4713375796178344, 0.8853503184713376, 0.6687898089171974, 0.910828025477707, 0.5732484076433121, 0.7261146496815286, 0.5732484076433121, 0.802547770700637, 0.8980891719745223, 0.5732484076433121, 0.7961783439490446, 0.5859872611464968, 0.7261146496815286, 0.5668789808917197, 0.45222929936305734, 0.6878980891719745, 0.2929936305732484, 0.6178343949044586, 0.8089171974522293, 0.3057324840764331, 0.445859872611465, 0.6178343949044586, 0.4394904458598726, 0.5987261146496815, 1.0, 0.3630573248407643, 0.6050955414012739, 0.5859872611464968, 0.42038216560509556, 0.2802547770700637, 0.7261146496815286, 0.7197452229299363, 0.9363057324840764, 0.17197452229299362, 0.7197452229299363, 0.5222929936305732, 0.6242038216560509, 0.643312101910828, 0.6560509554140127, 0.535031847133758, 0.7133757961783439, 0.7006369426751592, 0.445859872611465, 0.4012738853503185, 0.3057324840764331, 0.6369426751592356, 0.9363057324840764, 0.6050955414012739, 0.46496815286624205, 0.445859872611465, 0.9363057324840764, 0.4713375796178344, 0.6815286624203821, 0.25477707006369427, 0.7834394904458599, 0.267515923566879, 0.8343949044585988, 0.9872611464968153, 0.2929936305732484, 0.9426751592356688, 0.5222929936305732, 0.89171974522293, 0.6687898089171974, 0.9299363057324841, 0.8280254777070064], "OOS-1000": [0.33121019108280253, 0.1592356687898089, 0.5286624203821656, 0.6114649681528662, 0.732484076433121, 0.17834394904458598, 0.40764331210191085, 0.5796178343949044, 0.7197452229299363, 0.5222929936305732, 0.5605095541401274, 0.445859872611465, 0.3503184713375796, 0.08917197452229299, 0.29936305732484075, 0.1592356687898089, 0.37579617834394907, 0.07006369426751592, 0.39490445859872614, 0.7197452229299363, 0.21019108280254778, 0.21019108280254778, 0.08917197452229299, 0.5414012738853503, 0.3630573248407643, 0.34394904458598724, 0.21019108280254778, 0.3503184713375796, 0.33121019108280253, 0.17197452229299362, 0.3184713375796178, 0.6242038216560509, 0.5605095541401274, 0.49044585987261147, 0.34394904458598724, 0.5286624203821656, 0.11464968152866242, 0.33121019108280253, 0.08917197452229299, 0.4267515923566879, 0.27388535031847133, 0.4267515923566879, 0.19745222929936307, 0.10191082802547771, 0.4267515923566879, 0.20382165605095542, 0.4140127388535032, 0.27388535031847133, 0.43312101910828027, 0.5477707006369427, 0.31210191082802546, 0.7070063694267515, 0.3821656050955414, 0.1910828025477707, 0.6942675159235668, 0.554140127388535, 0.3821656050955414, 0.5605095541401274, 0.4012738853503185, 0.0, 0.6369426751592356, 0.39490445859872614, 0.4140127388535032, 0.5796178343949044, 0.7197452229299363, 0.27388535031847133, 0.2802547770700637, 0.06369426751592357, 0.8280254777070064, 0.2802547770700637, 0.47770700636942676, 0.37579617834394907, 0.35668789808917195, 0.34394904458598724, 0.46496815286624205, 0.28662420382165604, 0.29936305732484075, 0.554140127388535, 0.5987261146496815, 0.6942675159235668, 0.3630573248407643, 0.06369426751592357, 0.39490445859872614, 0.535031847133758, 0.554140127388535, 0.06369426751592357, 0.5286624203821656, 0.3184713375796178, 0.7452229299363057, 0.21656050955414013, 0.732484076433121, 0.16560509554140126, 0.012738853503184714, 0.7070063694267515, 0.05732484076433121, 0.47770700636942676, 0.10828025477707007, 0.33121019108280253, 0.07006369426751592, 0.17197452229299362]}