{"DMCTS-mean": 0.5776628618275841, "OOS-10000-v2-mean": 0.4223371381724159, "DMCTS": [0.7961783439490446, 0.8152866242038217, 0.4968152866242038, 0.43312101910828027, 0.36942675159235666, 1.0, 0.35668789808917195, 0.46496815286624205, 0.6687898089171974, 0.7133757961783439, 0.4713375796178344, 0.4585987261146497, 0.9745222929936306, 0.910828025477707, 0.3821656050955414, 0.6305732484076433, 0.4267515923566879, 0.34394904458598724, 0.27388535031847133, 0.7834394904458599, 0.4968152866242038, 0.08917197452229299, 0.5859872611464968, 0.643312101910828, 0.6242038216560509, 0.7070063694267515, 0.43312101910828027, 0.2802547770700637, 0.4394904458598726, 0.45222929936305734, 0.89171974522293, 0.27388535031847133, 0.535031847133758, 0.8662420382165605, 0.7197452229299363, 0.25477707006369427, 0.4140127388535032, 0.5987261146496815, 0.3630573248407643, 0.8343949044585988, 1.0, 0.2611464968152866, 0.3885350318471338, 0.2484076433121019, 0.445859872611465, 0.6305732484076433, 0.3503184713375796, 0.2611464968152866, 0.5159235668789809, 0.5095541401273885, 0.4585987261146497, 1.0, 0.4585987261146497, 0.8853503184713376, 0.445859872611465, 0.6050955414012739, 0.5859872611464968, 1.0, 0.5031847133757962, 0.6305732484076433, 0.4840764331210191, 0.7006369426751592, 0.8471337579617835, 0.6624203821656051, 0.40764331210191085, 0.4012738853503185, 0.643312101910828, 0.9745222929936306, 0.17834394904458598, 0.22929936305732485, 0.7898089171974523, 0.4012738853503185, 0.21019108280254778, 0.8471337579617835, 0.9681528662420382, 0.6369426751592356, 1.0, 0.5095541401273885, 0.5031847133757962, 0.6050955414012739, 0.2929936305732484, 0.7452229299363057, 1.0, 0.5605095541401274, 0.8471337579617835, 0.6687898089171974, 0.0, 0.06369426751592357, 0.7579617834394905, 0.9681528662420382, 0.6560509554140127, 0.7898089171974523, 0.7643312101910829, 0.6560509554140127, 0.6114649681528662, 0.5222929936305732, 0.5159235668789809, 0.535031847133758, 0.6496815286624203, 0.36942675159235666, 0.910828025477707], "OOS-10000-v2": [0.20382165605095542, 0.18471337579617833, 0.5031847133757962, 0.5668789808917197, 0.6305732484076433, 0.0, 0.643312101910828, 0.535031847133758, 0.33121019108280253, 0.28662420382165604, 0.5286624203821656, 0.5414012738853503, 0.025477707006369428, 0.08917197452229299, 0.6178343949044586, 0.36942675159235666, 0.5732484076433121, 0.6560509554140127, 0.7261146496815286, 0.21656050955414013, 0.5031847133757962, 0.910828025477707, 0.4140127388535032, 0.35668789808917195, 0.37579617834394907, 0.2929936305732484, 0.5668789808917197, 0.7197452229299363, 0.5605095541401274, 0.5477707006369427, 0.10828025477707007, 0.7261146496815286, 0.46496815286624205, 0.1337579617834395, 0.2802547770700637, 0.7452229299363057, 0.5859872611464968, 0.4012738853503185, 0.6369426751592356, 0.16560509554140126, 0.0, 0.7388535031847133, 0.6114649681528662, 0.7515923566878981, 0.554140127388535, 0.36942675159235666, 0.6496815286624203, 0.7388535031847133, 0.4840764331210191, 0.49044585987261147, 0.5414012738853503, 0.0, 0.5414012738853503, 0.11464968152866242, 0.554140127388535, 0.39490445859872614, 0.4140127388535032, 0.0, 0.4968152866242038, 0.36942675159235666, 0.5159235668789809, 0.29936305732484075, 0.15286624203821655, 0.3375796178343949, 0.5923566878980892, 0.5987261146496815, 0.35668789808917195, 0.025477707006369428, 0.821656050955414, 0.7707006369426752, 0.21019108280254778, 0.5987261146496815, 0.7898089171974523, 0.15286624203821655, 0.03184713375796178, 0.3630573248407643, 0.0, 0.49044585987261147, 0.4968152866242038, 0.39490445859872614, 0.7070063694267515, 0.25477707006369427, 0.0, 0.4394904458598726, 0.15286624203821655, 0.33121019108280253, 1.0, 0.9363057324840764, 0.24203821656050956, 0.03184713375796178, 0.34394904458598724, 0.21019108280254778, 0.2356687898089172, 0.34394904458598724, 0.3885350318471338, 0.47770700636942676, 0.4840764331210191, 0.46496815286624205, 0.3503184713375796, 0.6305732484076433, 0.08917197452229299]}