{"MCTS-50-mean": 0.5042663141449345, "MCTS-100-3-mean": 0.49573368585506555, "MCTS-50": [0.5859872611464968, 0.9044585987261147, 0.36942675159235666, 0.8152866242038217, 0.28662420382165604, 0.5796178343949044, 0.16560509554140126, 0.37579617834394907, 0.643312101910828, 0.29936305732484075, 0.47770700636942676, 0.4267515923566879, 0.37579617834394907, 0.39490445859872614, 0.6687898089171974, 0.10191082802547771, 0.35668789808917195, 0.5923566878980892, 0.42038216560509556, 0.5796178343949044, 0.5159235668789809, 0.34394904458598724, 0.4140127388535032, 0.2356687898089172, 1.0, 1.0, 0.0, 0.0, 0.5796178343949044, 0.6942675159235668, 0.08280254777070063, 0.7452229299363057, 0.7388535031847133, 0.0, 0.7197452229299363, 0.8280254777070064, 0.9426751592356688, 0.554140127388535, 0.17834394904458598, 0.8980891719745223, 1.0, 0.802547770700637, 0.5222929936305732, 0.2356687898089172, 0.16560509554140126, 0.7515923566878981, 0.8089171974522293, 0.33121019108280253, 0.5414012738853503, 0.07006369426751592, 0.45222929936305734, 0.6624203821656051, 0.2356687898089172, 0.6305732484076433, 0.7133757961783439, 0.4585987261146497, 0.49044585987261147, 0.5414012738853503, 0.8662420382165605, 0.46496815286624205, 0.6815286624203821, 0.7579617834394905, 0.643312101910828, 0.0, 0.6878980891719745, 0.5859872611464968, 0.7452229299363057, 0.7834394904458599, 0.4267515923566879, 0.16560509554140126, 0.89171974522293, 0.31210191082802546, 0.2802547770700637, 0.8407643312101911, 0.33121019108280253, 0.9617834394904459, 0.8471337579617835, 0.4394904458598726, 0.7197452229299363, 0.4585987261146497, 0.535031847133758, 0.0, 0.6687898089171974, 0.2611464968152866, 0.16560509554140126, 0.5414012738853503, 0.4012738853503185, 0.7579617834394905, 0.89171974522293, 0.2802547770700637, 0.8280254777070064, 0.5414012738853503, 0.08917197452229299, 0.11464968152866242, 0.5796178343949044, 0.40764331210191085, 0.22929936305732485, 0.9363057324840764, 0.554140127388535, 0.445859872611465, 0.1910828025477707, 0.17834394904458598, 0.4968152866242038, 0.10828025477707007, 0.8535031847133758, 0.732484076433121, 0.89171974522293, 0.0, 0.0, 0.2802547770700637, 0.19745222929936307, 0.0, 0.8535031847133758, 0.47770700636942676, 0.1337579617834395, 0.7898089171974523, 0.5859872611464968, 0.12101910828025478, 0.14012738853503184, 0.4140127388535032, 0.2802547770700637, 0.7643312101910829, 0.5605095541401274, 0.49044585987261147, 0.3503184713375796, 0.7707006369426752, 0.5414012738853503, 0.8152866242038217, 0.7133757961783439, 0.7770700636942676, 0.0, 0.35668789808917195, 0.6878980891719745, 0.49044585987261147, 0.3503184713375796, 0.5159235668789809, 0.8662420382165605, 0.7961783439490446, 1.0, 0.6114649681528662, 0.2484076433121019, 0.11464968152866242, 0.11464968152866242, 0.08280254777070063, 1.0, 0.7133757961783439, 0.2484076433121019, 0.6242038216560509, 0.2484076433121019, 1.0, 0.6178343949044586, 0.7070063694267515, 1.0, 0.6050955414012739, 0.24203821656050956, 0.6687898089171974, 0.4267515923566879, 0.40764331210191085, 0.4968152866242038], "MCTS-100-3": [0.4140127388535032, 0.09554140127388536, 0.6305732484076433, 0.18471337579617833, 0.7133757961783439, 0.42038216560509556, 0.8343949044585988, 0.6242038216560509, 0.35668789808917195, 0.7006369426751592, 0.5222929936305732, 0.5732484076433121, 0.6242038216560509, 0.6050955414012739, 0.33121019108280253, 0.8980891719745223, 0.643312101910828, 0.40764331210191085, 0.5796178343949044, 0.42038216560509556, 0.4840764331210191, 0.6560509554140127, 0.5859872611464968, 0.7643312101910829, 0.0, 0.0, 1.0, 1.0, 0.42038216560509556, 0.3057324840764331, 0.9171974522292994, 0.25477707006369427, 0.2611464968152866, 1.0, 0.2802547770700637, 0.17197452229299362, 0.05732484076433121, 0.445859872611465, 0.821656050955414, 0.10191082802547771, 0.0, 0.19745222929936307, 0.47770700636942676, 0.7643312101910829, 0.8343949044585988, 0.2484076433121019, 0.1910828025477707, 0.6687898089171974, 0.4585987261146497, 0.9299363057324841, 0.5477707006369427, 0.3375796178343949, 0.7643312101910829, 0.36942675159235666, 0.28662420382165604, 0.5414012738853503, 0.5095541401273885, 0.4585987261146497, 0.1337579617834395, 0.535031847133758, 0.3184713375796178, 0.24203821656050956, 0.35668789808917195, 1.0, 0.31210191082802546, 0.4140127388535032, 0.25477707006369427, 0.21656050955414013, 0.5732484076433121, 0.8343949044585988, 0.10828025477707007, 0.6878980891719745, 0.7197452229299363, 0.1592356687898089, 0.6687898089171974, 0.03821656050955414, 0.15286624203821655, 0.5605095541401274, 0.2802547770700637, 0.5414012738853503, 0.46496815286624205, 1.0, 0.33121019108280253, 0.7388535031847133, 0.8343949044585988, 0.4585987261146497, 0.5987261146496815, 0.24203821656050956, 0.10828025477707007, 0.7197452229299363, 0.17197452229299362, 0.4585987261146497, 0.910828025477707, 0.8853503184713376, 0.42038216560509556, 0.5923566878980892, 0.7707006369426752, 0.06369426751592357, 0.445859872611465, 0.554140127388535, 0.8089171974522293, 0.821656050955414, 0.5031847133757962, 0.89171974522293, 0.1464968152866242, 0.267515923566879, 0.10828025477707007, 1.0, 1.0, 0.7197452229299363, 0.802547770700637, 1.0, 0.1464968152866242, 0.5222929936305732, 0.8662420382165605, 0.21019108280254778, 0.4140127388535032, 0.8789808917197452, 0.8598726114649682, 0.5859872611464968, 0.7197452229299363, 0.2356687898089172, 0.4394904458598726, 0.5095541401273885, 0.6496815286624203, 0.22929936305732485, 0.4585987261146497, 0.18471337579617833, 0.28662420382165604, 0.2229299363057325, 1.0, 0.643312101910828, 0.31210191082802546, 0.5095541401273885, 0.6496815286624203, 0.4840764331210191, 0.1337579617834395, 0.20382165605095542, 0.0, 0.3885350318471338, 0.7515923566878981, 0.8853503184713376, 0.8853503184713376, 0.9171974522292994, 0.0, 0.28662420382165604, 0.7515923566878981, 0.37579617834394907, 0.7515923566878981, 0.0, 0.3821656050955414, 0.2929936305732484, 0.0, 0.39490445859872614, 0.7579617834394905, 0.33121019108280253, 0.5732484076433121, 0.5923566878980892, 0.5031847133757962]}