{"DMCTS-mean": 0.5936305732484076, "OOS-10000-mean": 0.4063694267515924, "DMCTS": [0.7898089171974523, 0.7006369426751592, 0.5923566878980892, 0.8089171974522293, 1.0, 0.6560509554140127, 1.0, 0.821656050955414, 0.5222929936305732, 0.7452229299363057, 0.7898089171974523, 0.5796178343949044, 0.28662420382165604, 0.8980891719745223, 0.5668789808917197, 0.643312101910828, 0.3630573248407643, 0.6878980891719745, 0.34394904458598724, 0.42038216560509556, 0.6050955414012739, 0.2611464968152866, 0.6305732484076433, 0.45222929936305734, 0.3503184713375796, 0.7834394904458599, 0.5031847133757962, 0.6942675159235668, 0.7770700636942676, 0.9363057324840764, 0.3885350318471338, 0.7388535031847133, 1.0, 0.5732484076433121, 0.5286624203821656, 0.4140127388535032, 0.3248407643312102, 0.5923566878980892, 0.7834394904458599, 0.21656050955414013, 0.9171974522292994, 0.8471337579617835, 0.29936305732484075, 0.6242038216560509, 0.7070063694267515, 0.6369426751592356, 0.6369426751592356, 0.7261146496815286, 0.35668789808917195, 0.24203821656050956, 0.445859872611465, 0.5987261146496815, 0.4394904458598726, 0.7834394904458599, 0.46496815286624205, 0.2929936305732484, 0.3248407643312102, 0.3503184713375796, 0.5605095541401274, 0.42038216560509556, 0.4585987261146497, 0.802547770700637, 0.5987261146496815, 0.7579617834394905, 0.5286624203821656, 0.34394904458598724, 0.6305732484076433, 0.34394904458598724, 0.821656050955414, 0.42038216560509556, 0.6751592356687898, 0.39490445859872614, 0.7133757961783439, 0.5732484076433121, 0.4267515923566879, 0.6114649681528662, 0.4394904458598726, 0.7834394904458599, 0.732484076433121, 0.4840764331210191, 0.5031847133757962, 0.9808917197452229, 0.28662420382165604, 0.7961783439490446, 0.9363057324840764, 0.43312101910828027, 0.4394904458598726, 0.49044585987261147, 0.535031847133758, 0.7961783439490446, 0.7961783439490446, 0.6496815286624203, 0.6942675159235668, 0.4267515923566879, 0.5668789808917197, 0.4012738853503185, 0.6178343949044586, 0.6242038216560509, 0.4012738853503185, 1.0], "OOS-10000": [0.21019108280254778, 0.29936305732484075, 0.40764331210191085, 0.1910828025477707, 0.0, 0.34394904458598724, 0.0, 0.17834394904458598, 0.47770700636942676, 0.25477707006369427, 0.21019108280254778, 0.42038216560509556, 0.7133757961783439, 0.10191082802547771, 0.43312101910828027, 0.35668789808917195, 0.6369426751592356, 0.31210191082802546, 0.6560509554140127, 0.5796178343949044, 0.39490445859872614, 0.7388535031847133, 0.36942675159235666, 0.5477707006369427, 0.6496815286624203, 0.21656050955414013, 0.4968152866242038, 0.3057324840764331, 0.2229299363057325, 0.06369426751592357, 0.6114649681528662, 0.2611464968152866, 0.0, 0.4267515923566879, 0.4713375796178344, 0.5859872611464968, 0.6751592356687898, 0.40764331210191085, 0.21656050955414013, 0.7834394904458599, 0.08280254777070063, 0.15286624203821655, 0.7006369426751592, 0.37579617834394907, 0.2929936305732484, 0.3630573248407643, 0.3630573248407643, 0.27388535031847133, 0.643312101910828, 0.7579617834394905, 0.554140127388535, 0.4012738853503185, 0.5605095541401274, 0.21656050955414013, 0.535031847133758, 0.7070063694267515, 0.6751592356687898, 0.6496815286624203, 0.4394904458598726, 0.5796178343949044, 0.5414012738853503, 0.19745222929936307, 0.4012738853503185, 0.24203821656050956, 0.4713375796178344, 0.6560509554140127, 0.36942675159235666, 0.6560509554140127, 0.17834394904458598, 0.5796178343949044, 0.3248407643312102, 0.6050955414012739, 0.28662420382165604, 0.4267515923566879, 0.5732484076433121, 0.3885350318471338, 0.5605095541401274, 0.21656050955414013, 0.267515923566879, 0.5159235668789809, 0.4968152866242038, 0.01910828025477707, 0.7133757961783439, 0.20382165605095542, 0.06369426751592357, 0.5668789808917197, 0.5605095541401274, 0.5095541401273885, 0.46496815286624205, 0.20382165605095542, 0.20382165605095542, 0.3503184713375796, 0.3057324840764331, 0.5732484076433121, 0.43312101910828027, 0.5987261146496815, 0.3821656050955414, 0.37579617834394907, 0.5987261146496815, 0.0]}