{"DMCTS-mean": 0.5859872611464969, "OOS-10000-v4-mean": 0.4140127388535031, "DMCTS": [0.49044585987261147, 0.7770700636942676, 0.9617834394904459, 0.6369426751592356, 0.45222929936305734, 0.5605095541401274, 0.5605095541401274, 0.4840764331210191, 0.8280254777070064, 0.7070063694267515, 1.0, 0.7515923566878981, 0.4267515923566879, 0.40764331210191085, 0.6305732484076433, 0.732484076433121, 0.6369426751592356, 0.6560509554140127, 0.6942675159235668, 0.40764331210191085, 0.821656050955414, 0.39490445859872614, 0.9299363057324841, 0.3885350318471338, 0.36942675159235666, 0.9299363057324841, 0.37579617834394907, 0.4267515923566879, 0.4713375796178344, 0.36942675159235666, 0.5923566878980892, 0.22929936305732485, 0.5923566878980892, 0.3885350318471338, 0.6050955414012739, 0.7643312101910829, 0.3821656050955414, 0.5923566878980892, 0.4840764331210191, 0.49044585987261147, 0.5477707006369427, 0.18471337579617833, 0.535031847133758, 0.43312101910828027, 0.3375796178343949, 0.37579617834394907, 0.7834394904458599, 0.5796178343949044, 0.7006369426751592, 0.4267515923566879, 1.0, 0.5286624203821656, 0.7961783439490446, 0.6242038216560509, 1.0, 0.25477707006369427, 0.27388535031847133, 0.28662420382165604, 0.3375796178343949, 0.6114649681528662, 0.3821656050955414, 0.4585987261146497, 0.9681528662420382, 0.12738853503184713, 0.5605095541401274, 0.535031847133758, 0.9299363057324841, 0.7643312101910829, 0.5286624203821656, 0.31210191082802546, 0.8089171974522293, 0.8089171974522293, 0.7261146496815286, 0.910828025477707, 0.5095541401273885, 0.9745222929936306, 0.5923566878980892, 0.36942675159235666, 0.445859872611465, 0.6560509554140127, 0.8789808917197452, 0.7579617834394905, 1.0, 0.5987261146496815, 0.4585987261146497, 0.267515923566879, 1.0, 0.7197452229299363, 0.22929936305732485, 0.36942675159235666, 0.5923566878980892, 0.6624203821656051, 0.821656050955414, 0.7898089171974523, 0.42038216560509556, 0.4012738853503185, 0.33121019108280253, 0.5222929936305732, 0.3821656050955414, 0.6369426751592356, 0.9554140127388535], "OOS-10000-v4": [0.5095541401273885, 0.2229299363057325, 0.03821656050955414, 0.3630573248407643, 0.5477707006369427, 0.4394904458598726, 0.4394904458598726, 0.5159235668789809, 0.17197452229299362, 0.2929936305732484, 0.0, 0.2484076433121019, 0.5732484076433121, 0.5923566878980892, 0.36942675159235666, 0.267515923566879, 0.3630573248407643, 0.34394904458598724, 0.3057324840764331, 0.5923566878980892, 0.17834394904458598, 0.6050955414012739, 0.07006369426751592, 0.6114649681528662, 0.6305732484076433, 0.07006369426751592, 0.6242038216560509, 0.5732484076433121, 0.5286624203821656, 0.6305732484076433, 0.40764331210191085, 0.7707006369426752, 0.40764331210191085, 0.6114649681528662, 0.39490445859872614, 0.2356687898089172, 0.6178343949044586, 0.40764331210191085, 0.5159235668789809, 0.5095541401273885, 0.45222929936305734, 0.8152866242038217, 0.46496815286624205, 0.5668789808917197, 0.6624203821656051, 0.6242038216560509, 0.21656050955414013, 0.42038216560509556, 0.29936305732484075, 0.5732484076433121, 0.0, 0.4713375796178344, 0.20382165605095542, 0.37579617834394907, 0.0, 0.7452229299363057, 0.7261146496815286, 0.7133757961783439, 0.6624203821656051, 0.3885350318471338, 0.6178343949044586, 0.5414012738853503, 0.03184713375796178, 0.8726114649681529, 0.4394904458598726, 0.46496815286624205, 0.07006369426751592, 0.2356687898089172, 0.4713375796178344, 0.6878980891719745, 0.1910828025477707, 0.1910828025477707, 0.27388535031847133, 0.08917197452229299, 0.49044585987261147, 0.025477707006369428, 0.40764331210191085, 0.6305732484076433, 0.554140127388535, 0.34394904458598724, 0.12101910828025478, 0.24203821656050956, 0.0, 0.4012738853503185, 0.5414012738853503, 0.732484076433121, 0.0, 0.2802547770700637, 0.7707006369426752, 0.6305732484076433, 0.40764331210191085, 0.3375796178343949, 0.17834394904458598, 0.21019108280254778, 0.5796178343949044, 0.5987261146496815, 0.6687898089171974, 0.47770700636942676, 0.6178343949044586, 0.3630573248407643, 0.044585987261146494]}