{"DMCTS-mean": 0.5245632843539132, "OOS-100000-v4-mean": 0.4754367156460868, "DMCTS": [0.5859872611464968, 0.7070063694267515, 0.42038216560509556, 0.6369426751592356, 0.5477707006369427, 0.8471337579617835, 0.7770700636942676, 0.2802547770700637, 0.6242038216560509, 0.7579617834394905, 0.21019108280254778, 0.49044585987261147, 0.5668789808917197, 0.4267515923566879, 0.0, 0.554140127388535, 0.7770700636942676, 0.1464968152866242, 0.3885350318471338, 0.4140127388535032, 0.7261146496815286, 0.36942675159235666, 0.5668789808917197, 0.6050955414012739, 0.7515923566878981, 0.7643312101910829, 0.47770700636942676, 0.5605095541401274, 0.3885350318471338, 0.4267515923566879, 0.5159235668789809, 0.5859872611464968, 0.24203821656050956, 0.732484076433121, 0.4012738853503185, 0.8726114649681529, 0.7898089171974523, 0.4267515923566879, 0.5859872611464968, 1.0, 0.27388535031847133, 0.5859872611464968, 0.8853503184713376, 0.3503184713375796, 0.2611464968152866, 0.10191082802547771, 0.5159235668789809, 1.0, 0.7452229299363057, 0.5477707006369427, 0.46496815286624205, 0.8535031847133758, 0.4267515923566879, 0.4267515923566879, 0.445859872611465, 0.49044585987261147, 0.8662420382165605, 0.6878980891719745, 0.31210191082802546, 0.4394904458598726, 0.5477707006369427, 0.5477707006369427, 0.27388535031847133, 0.2484076433121019, 0.267515923566879, 0.910828025477707, 0.46496815286624205, 0.35668789808917195, 0.6560509554140127, 0.49044585987261147, 0.5732484076433121, 0.4394904458598726, 0.6815286624203821, 0.43312101910828027, 0.1592356687898089, 0.4394904458598726, 0.37579617834394907, 0.4968152866242038, 0.5222929936305732, 0.3630573248407643, 0.6305732484076433, 0.4968152866242038, 1.0, 0.8280254777070064, 0.45222929936305734, 0.445859872611465, 0.732484076433121, 0.20382165605095542, 0.5859872611464968, 0.4140127388535032, 0.45222929936305734, 0.6050955414012739, 0.7643312101910829, 0.6751592356687898, 0.36942675159235666, 0.4140127388535032, 0.5159235668789809, 0.5605095541401274, 0.36942675159235666, 0.5095541401273885, 0.07643312101910828], "OOS-100000-v4": [0.4140127388535032, 0.2929936305732484, 0.5796178343949044, 0.3630573248407643, 0.45222929936305734, 0.15286624203821655, 0.2229299363057325, 0.7197452229299363, 0.37579617834394907, 0.24203821656050956, 0.7898089171974523, 0.5095541401273885, 0.43312101910828027, 0.5732484076433121, 1.0, 0.445859872611465, 0.2229299363057325, 0.8535031847133758, 0.6114649681528662, 0.5859872611464968, 0.27388535031847133, 0.6305732484076433, 0.43312101910828027, 0.39490445859872614, 0.2484076433121019, 0.2356687898089172, 0.5222929936305732, 0.4394904458598726, 0.6114649681528662, 0.5732484076433121, 0.4840764331210191, 0.4140127388535032, 0.7579617834394905, 0.267515923566879, 0.5987261146496815, 0.12738853503184713, 0.21019108280254778, 0.5732484076433121, 0.4140127388535032, 0.0, 0.7261146496815286, 0.4140127388535032, 0.11464968152866242, 0.6496815286624203, 0.7388535031847133, 0.8980891719745223, 0.4840764331210191, 0.0, 0.25477707006369427, 0.45222929936305734, 0.535031847133758, 0.1464968152866242, 0.5732484076433121, 0.5732484076433121, 0.554140127388535, 0.5095541401273885, 0.1337579617834395, 0.31210191082802546, 0.6878980891719745, 0.5605095541401274, 0.45222929936305734, 0.45222929936305734, 0.7261146496815286, 0.7515923566878981, 0.732484076433121, 0.08917197452229299, 0.535031847133758, 0.643312101910828, 0.34394904458598724, 0.5095541401273885, 0.4267515923566879, 0.5605095541401274, 0.3184713375796178, 0.5668789808917197, 0.8407643312101911, 0.5605095541401274, 0.6242038216560509, 0.5031847133757962, 0.47770700636942676, 0.6369426751592356, 0.36942675159235666, 0.5031847133757962, 0.0, 0.17197452229299362, 0.5477707006369427, 0.554140127388535, 0.267515923566879, 0.7961783439490446, 0.4140127388535032, 0.5859872611464968, 0.5477707006369427, 0.39490445859872614, 0.2356687898089172, 0.3248407643312102, 0.6305732484076433, 0.5859872611464968, 0.4840764331210191, 0.4394904458598726, 0.6305732484076433, 0.49044585987261147, 0.9235668789808917]}