{"DMCTS-mean": 0.5931765151037396, "OOS-100000-v3-mean": 0.4068234848962604, "DMCTS": [0.5095541401273885, 0.7834394904458599, 0.7452229299363057, 0.3057324840764331, 0.5159235668789809, 0.7898089171974523, 0.4840764331210191, 0.37579617834394907, 0.6496815286624203, 0.7770700636942676, 1.0, 0.7834394904458599, 0.7388535031847133, 0.8089171974522293, 0.47770700636942676, 0.5095541401273885, 0.6942675159235668, 0.535031847133758, 0.5095541401273885, 0.8535031847133758, 0.37579617834394907, 0.5668789808917197, 0.5987261146496815, 0.3630573248407643, 0.6878980891719745, 0.9044585987261147, 0.535031847133758, 0.732484076433121, 0.7898089171974523, 0.4012738853503185, 0.802547770700637, 0.45222929936305734, 0.4012738853503185, 0.49044585987261147, 0.7133757961783439, 0.6624203821656051, 1.0, 0.89171974522293, 0.2484076433121019, 0.1592356687898089, 0.7197452229299363, 0.4012738853503185, 0.08917197452229299, 0.5414012738853503, 0.7834394904458599, 1.0, 0.6496815286624203, 0.37579617834394907, 0.4267515923566879, 0.3184713375796178, 0.9044585987261147, 0.7197452229299363, 0.34394904458598724, 1.0, 0.6815286624203821, 0.5222929936305732, 0.9617834394904459, 0.5222929936305732, 0.3057324840764331, 0.17197452229299362, 0.39490445859872614, 0.8789808917197452, 0.7707006369426752, 0.9426751592356688, 0.4585987261146497, 0.4267515923566879, 0.5605095541401274, 0.2356687898089172, 0.6242038216560509, 0.2611464968152866, 0.4968152866242038, 0.8535031847133758, 0.732484076433121, 0.8980891719745223, 0.4394904458598726, 0.45222929936305734, 0.802547770700637, 0.6178343949044586, 0.821656050955414, 0.7197452229299363, 0.5668789808917197, 0.36942675159235666, 0.4012738853503185, 0.6114649681528662, 0.4140127388535032, 0.4012738853503185, 0.5414012738853503, 0.40764331210191085, 0.6878980891719745, 0.40764331210191085, 0.554140127388535, 0.821656050955414, 0.46496815286624205, 0.42038216560509556, 0.6560509554140127, 0.7643312101910829, 0.6624203821656051, 0.5987261146496815, 0.025477707006369428, 0.8980891719745223, 0.7834394904458599], "OOS-100000-v3": [0.49044585987261147, 0.21656050955414013, 0.25477707006369427, 0.6942675159235668, 0.4840764331210191, 0.21019108280254778, 0.5159235668789809, 0.6242038216560509, 0.3503184713375796, 0.2229299363057325, 0.0, 0.21656050955414013, 0.2611464968152866, 0.1910828025477707, 0.5222929936305732, 0.49044585987261147, 0.3057324840764331, 0.46496815286624205, 0.49044585987261147, 0.1464968152866242, 0.6242038216560509, 0.43312101910828027, 0.4012738853503185, 0.6369426751592356, 0.31210191082802546, 0.09554140127388536, 0.46496815286624205, 0.267515923566879, 0.21019108280254778, 0.5987261146496815, 0.19745222929936307, 0.5477707006369427, 0.5987261146496815, 0.5095541401273885, 0.28662420382165604, 0.3375796178343949, 0.0, 0.10828025477707007, 0.7515923566878981, 0.8407643312101911, 0.2802547770700637, 0.5987261146496815, 0.910828025477707, 0.4585987261146497, 0.21656050955414013, 0.0, 0.3503184713375796, 0.6242038216560509, 0.5732484076433121, 0.6815286624203821, 0.09554140127388536, 0.2802547770700637, 0.6560509554140127, 0.0, 0.3184713375796178, 0.47770700636942676, 0.03821656050955414, 0.47770700636942676, 0.6942675159235668, 0.8280254777070064, 0.6050955414012739, 0.12101910828025478, 0.22929936305732485, 0.05732484076433121, 0.5414012738853503, 0.5732484076433121, 0.4394904458598726, 0.7643312101910829, 0.37579617834394907, 0.7388535031847133, 0.5031847133757962, 0.1464968152866242, 0.267515923566879, 0.10191082802547771, 0.5605095541401274, 0.5477707006369427, 0.19745222929936307, 0.3821656050955414, 0.17834394904458598, 0.2802547770700637, 0.43312101910828027, 0.6305732484076433, 0.5987261146496815, 0.3885350318471338, 0.5859872611464968, 0.5987261146496815, 0.4585987261146497, 0.5923566878980892, 0.31210191082802546, 0.5923566878980892, 0.445859872611465, 0.17834394904458598, 0.535031847133758, 0.5796178343949044, 0.34394904458598724, 0.2356687898089172, 0.3375796178343949, 0.4012738853503185, 0.9745222929936306, 0.10191082802547771, 0.21656050955414013]}