{"DMCTS-mean": 0.5873746610329823, "OOS-100000-mean": 0.4126253389670177, "DMCTS": [0.2929936305732484, 0.12738853503184713, 0.47770700636942676, 0.31210191082802546, 0.18471337579617833, 0.5031847133757962, 0.4394904458598726, 0.4585987261146497, 0.49044585987261147, 0.732484076433121, 0.3248407643312102, 0.28662420382165604, 0.6687898089171974, 0.8853503184713376, 0.7961783439490446, 1.0, 0.7898089171974523, 0.7452229299363057, 0.8089171974522293, 0.3821656050955414, 0.6496815286624203, 0.5095541401273885, 0.9745222929936306, 0.5286624203821656, 0.3057324840764331, 0.6878980891719745, 0.05732484076433121, 0.5668789808917197, 0.9681528662420382, 0.35668789808917195, 0.7388535031847133, 0.37579617834394907, 0.39490445859872614, 0.31210191082802546, 0.5987261146496815, 0.31210191082802546, 0.6242038216560509, 0.5987261146496815, 0.42038216560509556, 1.0, 0.8407643312101911, 0.6114649681528662, 0.8089171974522293, 0.47770700636942676, 0.7197452229299363, 0.10191082802547771, 0.5796178343949044, 0.34394904458598724, 0.445859872611465, 0.7770700636942676, 0.9299363057324841, 0.802547770700637, 0.7452229299363057, 0.5159235668789809, 0.6050955414012739, 0.4394904458598726, 0.9171974522292994, 0.34394904458598724, 0.7133757961783439, 0.6305732484076433, 0.8662420382165605, 0.8726114649681529, 0.4968152866242038, 0.7261146496815286, 0.9745222929936306, 0.5859872611464968, 0.6687898089171974, 0.45222929936305734, 0.45222929936305734, 0.7961783439490446, 0.7898089171974523, 0.5477707006369427, 0.7643312101910829, 0.4140127388535032, 0.5159235668789809, 0.554140127388535, 0.7133757961783439, 0.89171974522293, 0.554140127388535, 0.6687898089171974, 0.554140127388535, 0.7452229299363057, 0.8662420382165605, 0.16560509554140126, 0.7388535031847133, 0.821656050955414, 0.732484076433121, 0.47770700636942676, 0.42038216560509556, 0.7006369426751592, 0.46496815286624205, 0.3503184713375796, 0.2356687898089172, 0.36942675159235666, 0.3248407643312102, 0.5732484076433121, 0.5605095541401274, 1.0, 0.34394904458598724, 0.5668789808917197, 0.9681528662420382], "OOS-100000": [0.7070063694267515, 0.8726114649681529, 0.5222929936305732, 0.6878980891719745, 0.8152866242038217, 0.4968152866242038, 0.5605095541401274, 0.5414012738853503, 0.5095541401273885, 0.267515923566879, 0.6751592356687898, 0.7133757961783439, 0.33121019108280253, 0.11464968152866242, 0.20382165605095542, 0.0, 0.21019108280254778, 0.25477707006369427, 0.1910828025477707, 0.6178343949044586, 0.3503184713375796, 0.49044585987261147, 0.025477707006369428, 0.4713375796178344, 0.6942675159235668, 0.31210191082802546, 0.9426751592356688, 0.43312101910828027, 0.03184713375796178, 0.643312101910828, 0.2611464968152866, 0.6242038216560509, 0.6050955414012739, 0.6878980891719745, 0.4012738853503185, 0.6878980891719745, 0.37579617834394907, 0.4012738853503185, 0.5796178343949044, 0.0, 0.1592356687898089, 0.3885350318471338, 0.1910828025477707, 0.5222929936305732, 0.2802547770700637, 0.8980891719745223, 0.42038216560509556, 0.6560509554140127, 0.554140127388535, 0.2229299363057325, 0.07006369426751592, 0.19745222929936307, 0.25477707006369427, 0.4840764331210191, 0.39490445859872614, 0.5605095541401274, 0.08280254777070063, 0.6560509554140127, 0.28662420382165604, 0.36942675159235666, 0.1337579617834395, 0.12738853503184713, 0.5031847133757962, 0.27388535031847133, 0.025477707006369428, 0.4140127388535032, 0.33121019108280253, 0.5477707006369427, 0.5477707006369427, 0.20382165605095542, 0.21019108280254778, 0.45222929936305734, 0.2356687898089172, 0.5859872611464968, 0.4840764331210191, 0.445859872611465, 0.28662420382165604, 0.10828025477707007, 0.445859872611465, 0.33121019108280253, 0.445859872611465, 0.25477707006369427, 0.1337579617834395, 0.8343949044585988, 0.2611464968152866, 0.17834394904458598, 0.267515923566879, 0.5222929936305732, 0.5796178343949044, 0.29936305732484075, 0.535031847133758, 0.6496815286624203, 0.7643312101910829, 0.6305732484076433, 0.6751592356687898, 0.4267515923566879, 0.4394904458598726, 0.0, 0.6560509554140127, 0.43312101910828027, 0.03184713375796178]}