{"DMCTS-mean": 0.623636248975216, "OOS-1000-v4-mean": 0.37636375102478403, "DMCTS": [0.6624203821656051, 0.5286624203821656, 0.4840764331210191, 0.8089171974522293, 0.7070063694267515, 0.46496815286624205, 0.535031847133758, 0.5859872611464968, 0.6369426751592356, 0.8535031847133758, 0.40764331210191085, 0.5414012738853503, 0.7643312101910829, 0.535031847133758, 0.802547770700637, 0.7070063694267515, 0.9426751592356688, 1.0, 0.6815286624203821, 0.6815286624203821, 0.36942675159235666, 0.8980891719745223, 0.4012738853503185, 1.0, 0.8089171974522293, 0.6815286624203821, 0.6751592356687898, 0.8662420382165605, 0.8471337579617835, 0.8853503184713376, 0.9745222929936306, 0.6687898089171974, 0.8980891719745223, 1.0, 0.5859872611464968, 0.3184713375796178, 0.4267515923566879, 0.6815286624203821, 0.35668789808917195, 0.5732484076433121, 0.4585987261146497, 0.5859872611464968, 0.6178343949044586, 0.2802547770700637, 0.267515923566879, 0.4267515923566879, 0.07006369426751592, 0.7261146496815286, 0.45222929936305734, 0.4140127388535032, 0.4012738853503185, 0.6496815286624203, 0.4267515923566879, 0.4394904458598726, 0.35668789808917195, 0.7452229299363057, 0.45222929936305734, 0.4012738853503185, 0.49044585987261147, 0.47770700636942676, 0.7898089171974523, 0.46496815286624205, 0.43312101910828027, 0.267515923566879, 0.1464968152866242, 0.5796178343949044, 0.6560509554140127, 0.3375796178343949, 0.4267515923566879, 0.6560509554140127, 0.9044585987261147, 1.0, 0.7770700636942676, 0.8789808917197452, 0.7643312101910829, 0.6496815286624203, 0.8471337579617835, 0.42038216560509556, 0.554140127388535, 0.3057324840764331, 0.7707006369426752, 0.7579617834394905, 0.9617834394904459, 0.821656050955414, 0.802547770700637, 0.7452229299363057, 0.3821656050955414, 0.7834394904458599, 0.8152866242038217, 0.7006369426751592, 0.5286624203821656, 1.0, 0.910828025477707, 0.49044585987261147, 0.7006369426751592, 0.9171974522292994, 0.36942675159235666, 0.535031847133758, 0.8152866242038217, 0.4713375796178344, 0.4585987261146497], "OOS-1000-v4": [0.3375796178343949, 0.4713375796178344, 0.5159235668789809, 0.1910828025477707, 0.2929936305732484, 0.535031847133758, 0.46496815286624205, 0.4140127388535032, 0.3630573248407643, 0.1464968152866242, 0.5923566878980892, 0.4585987261146497, 0.2356687898089172, 0.46496815286624205, 0.19745222929936307, 0.2929936305732484, 0.05732484076433121, 0.0, 0.3184713375796178, 0.3184713375796178, 0.6305732484076433, 0.10191082802547771, 0.5987261146496815, 0.0, 0.1910828025477707, 0.3184713375796178, 0.3248407643312102, 0.1337579617834395, 0.15286624203821655, 0.11464968152866242, 0.025477707006369428, 0.33121019108280253, 0.10191082802547771, 0.0, 0.4140127388535032, 0.6815286624203821, 0.5732484076433121, 0.3184713375796178, 0.643312101910828, 0.4267515923566879, 0.5414012738853503, 0.4140127388535032, 0.3821656050955414, 0.7197452229299363, 0.732484076433121, 0.5732484076433121, 0.9299363057324841, 0.27388535031847133, 0.5477707006369427, 0.5859872611464968, 0.5987261146496815, 0.3503184713375796, 0.5732484076433121, 0.5605095541401274, 0.643312101910828, 0.25477707006369427, 0.5477707006369427, 0.5987261146496815, 0.5095541401273885, 0.5222929936305732, 0.21019108280254778, 0.535031847133758, 0.5668789808917197, 0.732484076433121, 0.8535031847133758, 0.42038216560509556, 0.34394904458598724, 0.6624203821656051, 0.5732484076433121, 0.34394904458598724, 0.09554140127388536, 0.0, 0.2229299363057325, 0.12101910828025478, 0.2356687898089172, 0.3503184713375796, 0.15286624203821655, 0.5796178343949044, 0.445859872611465, 0.6942675159235668, 0.22929936305732485, 0.24203821656050956, 0.03821656050955414, 0.17834394904458598, 0.19745222929936307, 0.25477707006369427, 0.6178343949044586, 0.21656050955414013, 0.18471337579617833, 0.29936305732484075, 0.4713375796178344, 0.0, 0.08917197452229299, 0.5095541401273885, 0.29936305732484075, 0.08280254777070063, 0.6305732484076433, 0.46496815286624205, 0.18471337579617833, 0.5286624203821656, 0.5414012738853503]}