{"DMCTS-mean": 0.6327174118685754, "OOS-100-v4-mean": 0.3672825881314246, "DMCTS": [0.8535031847133758, 0.5987261146496815, 0.4840764331210191, 0.11464968152866242, 0.3248407643312102, 0.9171974522292994, 0.6114649681528662, 0.3821656050955414, 0.7070063694267515, 1.0, 0.9490445859872612, 0.9299363057324841, 0.2611464968152866, 0.643312101910828, 0.7643312101910829, 0.7133757961783439, 0.7707006369426752, 0.5222929936305732, 0.3821656050955414, 0.6178343949044586, 0.8726114649681529, 0.9681528662420382, 0.5668789808917197, 0.4394904458598726, 0.5605095541401274, 0.5222929936305732, 0.7070063694267515, 0.7070063694267515, 0.6942675159235668, 0.35668789808917195, 0.3503184713375796, 0.6687898089171974, 0.6305732484076433, 0.7261146496815286, 1.0, 0.6687898089171974, 0.7898089171974523, 0.21656050955414013, 0.8853503184713376, 0.732484076433121, 0.7261146496815286, 0.8662420382165605, 0.33121019108280253, 0.6942675159235668, 0.9554140127388535, 0.7898089171974523, 0.47770700636942676, 0.6050955414012739, 0.2484076433121019, 0.643312101910828, 0.6815286624203821, 0.5732484076433121, 0.7388535031847133, 0.9872611464968153, 0.554140127388535, 0.554140127388535, 0.7961783439490446, 0.5987261146496815, 1.0, 0.7643312101910829, 0.8598726114649682, 0.6496815286624203, 0.7515923566878981, 1.0, 0.6942675159235668, 1.0, 0.36942675159235666, 0.7388535031847133, 0.7834394904458599, 0.9171974522292994, 0.45222929936305734, 0.5668789808917197, 0.8662420382165605, 0.3184713375796178, 0.5859872611464968, 0.5286624203821656, 0.39490445859872614, 1.0, 0.8407643312101911, 0.14012738853503184, 0.1592356687898089, 0.5859872611464968, 0.7643312101910829, 0.4840764331210191, 0.821656050955414, 0.7070063694267515, 0.28662420382165604, 0.89171974522293, 0.49044585987261147, 0.7643312101910829, 0.33121019108280253, 0.6305732484076433, 0.7643312101910829, 0.3057324840764331, 0.37579617834394907, 0.7834394904458599, 0.24203821656050956, 0.9299363057324841, 0.5095541401273885, 0.2802547770700637, 0.14012738853503184], "OOS-100-v4": [0.1464968152866242, 0.4012738853503185, 0.5159235668789809, 0.8853503184713376, 0.6751592356687898, 0.08280254777070063, 0.3885350318471338, 0.6178343949044586, 0.2929936305732484, 0.0, 0.050955414012738856, 0.07006369426751592, 0.7388535031847133, 0.35668789808917195, 0.2356687898089172, 0.28662420382165604, 0.22929936305732485, 0.47770700636942676, 0.6178343949044586, 0.3821656050955414, 0.12738853503184713, 0.03184713375796178, 0.43312101910828027, 0.5605095541401274, 0.4394904458598726, 0.47770700636942676, 0.2929936305732484, 0.2929936305732484, 0.3057324840764331, 0.643312101910828, 0.6496815286624203, 0.33121019108280253, 0.36942675159235666, 0.27388535031847133, 0.0, 0.33121019108280253, 0.21019108280254778, 0.7834394904458599, 0.11464968152866242, 0.267515923566879, 0.27388535031847133, 0.1337579617834395, 0.6687898089171974, 0.3057324840764331, 0.044585987261146494, 0.21019108280254778, 0.5222929936305732, 0.39490445859872614, 0.7515923566878981, 0.35668789808917195, 0.3184713375796178, 0.4267515923566879, 0.2611464968152866, 0.012738853503184714, 0.445859872611465, 0.445859872611465, 0.20382165605095542, 0.4012738853503185, 0.0, 0.2356687898089172, 0.14012738853503184, 0.3503184713375796, 0.2484076433121019, 0.0, 0.3057324840764331, 0.0, 0.6305732484076433, 0.2611464968152866, 0.21656050955414013, 0.08280254777070063, 0.5477707006369427, 0.43312101910828027, 0.1337579617834395, 0.6815286624203821, 0.4140127388535032, 0.4713375796178344, 0.6050955414012739, 0.0, 0.1592356687898089, 0.8598726114649682, 0.8407643312101911, 0.4140127388535032, 0.2356687898089172, 0.5159235668789809, 0.17834394904458598, 0.2929936305732484, 0.7133757961783439, 0.10828025477707007, 0.5095541401273885, 0.2356687898089172, 0.6687898089171974, 0.36942675159235666, 0.2356687898089172, 0.6942675159235668, 0.6242038216560509, 0.21656050955414013, 0.7579617834394905, 0.07006369426751592, 0.49044585987261147, 0.7197452229299363, 0.8598726114649682]}