{"DMCTS-mean": 0.5835908431607492, "OOS-10000-v2-mean": 0.4164091568392508, "DMCTS": [0.6942675159235668, 0.9171974522292994, 0.6687898089171974, 0.18471337579617833, 0.45222929936305734, 0.6496815286624203, 0.5859872611464968, 0.4140127388535032, 0.12738853503184713, 0.9490445859872612, 0.4713375796178344, 0.6624203821656051, 0.5414012738853503, 0.08917197452229299, 0.7770700636942676, 0.37579617834394907, 0.643312101910828, 0.22929936305732485, 0.6751592356687898, 0.7770700636942676, 0.39490445859872614, 0.7707006369426752, 0.9872611464968153, 0.42038216560509556, 0.5796178343949044, 0.7770700636942676, 0.37579617834394907, 0.4968152866242038, 0.6624203821656051, 0.5732484076433121, 0.802547770700637, 0.3885350318471338, 0.22929936305732485, 0.5286624203821656, 0.21656050955414013, 0.45222929936305734, 0.6751592356687898, 0.5414012738853503, 0.35668789808917195, 0.6942675159235668, 0.35668789808917195, 0.15286624203821655, 0.6687898089171974, 0.6050955414012739, 1.0, 0.45222929936305734, 0.5159235668789809, 0.732484076433121, 0.8471337579617835, 0.8089171974522293, 0.821656050955414, 0.45222929936305734, 0.9617834394904459, 0.445859872611465, 0.821656050955414, 0.4713375796178344, 0.5987261146496815, 0.15286624203821655, 0.28662420382165604, 0.49044585987261147, 0.6560509554140127, 0.5477707006369427, 0.4394904458598726, 0.4968152866242038, 0.6114649681528662, 0.821656050955414, 0.5987261146496815, 0.43312101910828027, 0.28662420382165604, 0.8343949044585988, 0.9171974522292994, 0.6624203821656051, 0.7197452229299363, 0.802547770700637, 0.732484076433121, 0.8471337579617835, 0.6496815286624203, 0.9617834394904459, 0.7133757961783439, 0.7770700636942676, 0.5031847133757962, 0.5031847133757962, 0.910828025477707, 0.3184713375796178, 0.8407643312101911, 0.2484076433121019, 0.9044585987261147, 0.45222929936305734, 0.37579617834394907, 0.3821656050955414, 0.8535031847133758, 0.643312101910828, 0.6305732484076433, 0.5796178343949044, 0.33121019108280253, 0.7133757961783439, 0.4267515923566879, 0.5668789808917197, 0.89171974522293, 0.3375796178343949, 0.5668789808917197], "OOS-10000-v2": [0.3057324840764331, 0.08280254777070063, 0.33121019108280253, 0.8152866242038217, 0.5477707006369427, 0.3503184713375796, 0.4140127388535032, 0.5859872611464968, 0.8726114649681529, 0.050955414012738856, 0.5286624203821656, 0.3375796178343949, 0.4585987261146497, 0.910828025477707, 0.2229299363057325, 0.6242038216560509, 0.35668789808917195, 0.7707006369426752, 0.3248407643312102, 0.2229299363057325, 0.6050955414012739, 0.22929936305732485, 0.012738853503184714, 0.5796178343949044, 0.42038216560509556, 0.2229299363057325, 0.6242038216560509, 0.5031847133757962, 0.3375796178343949, 0.4267515923566879, 0.19745222929936307, 0.6114649681528662, 0.7707006369426752, 0.4713375796178344, 0.7834394904458599, 0.5477707006369427, 0.3248407643312102, 0.4585987261146497, 0.643312101910828, 0.3057324840764331, 0.643312101910828, 0.8471337579617835, 0.33121019108280253, 0.39490445859872614, 0.0, 0.5477707006369427, 0.4840764331210191, 0.267515923566879, 0.15286624203821655, 0.1910828025477707, 0.17834394904458598, 0.5477707006369427, 0.03821656050955414, 0.554140127388535, 0.17834394904458598, 0.5286624203821656, 0.4012738853503185, 0.8471337579617835, 0.7133757961783439, 0.5095541401273885, 0.34394904458598724, 0.45222929936305734, 0.5605095541401274, 0.5031847133757962, 0.3885350318471338, 0.17834394904458598, 0.4012738853503185, 0.5668789808917197, 0.7133757961783439, 0.16560509554140126, 0.08280254777070063, 0.3375796178343949, 0.2802547770700637, 0.19745222929936307, 0.267515923566879, 0.15286624203821655, 0.3503184713375796, 0.03821656050955414, 0.28662420382165604, 0.2229299363057325, 0.4968152866242038, 0.4968152866242038, 0.08917197452229299, 0.6815286624203821, 0.1592356687898089, 0.7515923566878981, 0.09554140127388536, 0.5477707006369427, 0.6242038216560509, 0.6178343949044586, 0.1464968152866242, 0.35668789808917195, 0.36942675159235666, 0.42038216560509556, 0.6687898089171974, 0.28662420382165604, 0.5732484076433121, 0.43312101910828027, 0.10828025477707007, 0.6624203821656051, 0.43312101910828027]}