{"DMCTS-mean": 0.6120000000000001, "OOS-1000-mean": 0.388, "DMCTS": [0.821656050955414, 0.802547770700637, 0.4394904458598726, 0.8471337579617835, 0.6687898089171974, 0.9044585987261147, 0.12101910828025478, 1.0, 0.9617834394904459, 0.8598726114649682, 0.6305732484076433, 0.7770700636942676, 0.4267515923566879, 0.6305732484076433, 0.21019108280254778, 0.9363057324840764, 0.8407643312101911, 0.9808917197452229, 0.4713375796178344, 0.7515923566878981, 1.0, 0.5796178343949044, 0.5859872611464968, 0.3184713375796178, 0.6560509554140127, 0.22929936305732485, 0.18471337579617833, 0.27388535031847133, 0.6624203821656051, 0.8598726114649682, 0.24203821656050956, 0.4968152866242038, 0.2802547770700637, 0.4140127388535032, 0.45222929936305734, 0.49044585987261147, 0.7261146496815286, 0.7579617834394905, 0.535031847133758, 0.7261146496815286, 0.43312101910828027, 0.7707006369426752, 0.6687898089171974, 0.19745222929936307, 0.8089171974522293, 0.5668789808917197, 0.7834394904458599, 0.89171974522293, 0.37579617834394907, 0.2802547770700637, 0.7261146496815286, 0.9808917197452229, 0.35668789808917195, 0.7834394904458599, 0.3885350318471338, 0.25477707006369427, 0.4713375796178344, 0.7579617834394905, 0.6624203821656051, 0.9808917197452229, 0.802547770700637, 0.34394904458598724, 1.0, 0.3885350318471338, 0.4713375796178344, 0.18471337579617833, 0.6751592356687898, 0.7898089171974523, 0.6687898089171974, 0.8535031847133758, 0.8726114649681529, 0.5923566878980892, 0.6496815286624203, 0.36942675159235666, 0.3885350318471338, 0.4394904458598726, 0.5159235668789809, 1.0, 0.7579617834394905, 0.49044585987261147, 0.910828025477707, 0.7898089171974523, 0.5668789808917197, 0.3184713375796178, 0.6942675159235668, 0.8152866242038217, 0.7133757961783439, 0.4713375796178344, 0.6496815286624203, 0.8280254777070064, 0.6560509554140127, 0.9872611464968153, 0.5859872611464968, 0.5477707006369427, 0.802547770700637, 0.3057324840764331, 0.9299363057324841, 0.9426751592356688, 0.5668789808917197, 0.3248407643312102, 0.802547770700637, 0.050955414012738856, 0.5031847133757962, 0.8152866242038217, 0.4394904458598726, 0.910828025477707, 0.6751592356687898, 0.5159235668789809, 0.6369426751592356, 0.89171974522293, 0.5286624203821656, 0.445859872611465, 0.6114649681528662, 0.8726114649681529, 0.47770700636942676, 0.7770700636942676, 0.910828025477707, 0.6369426751592356, 0.5477707006369427, 1.0, 0.46496815286624205, 0.5859872611464968, 0.4585987261146497, 0.36942675159235666, 0.4713375796178344, 0.535031847133758, 0.554140127388535, 0.8407643312101911, 0.33121019108280253, 0.6815286624203821, 0.6242038216560509, 0.8343949044585988, 0.7898089171974523, 0.4585987261146497, 0.36942675159235666, 0.07006369426751592, 0.9554140127388535, 0.5605095541401274, 0.6751592356687898, 0.39490445859872614, 0.6751592356687898, 0.8280254777070064, 0.4840764331210191, 0.7961783439490446, 0.3885350318471338, 0.6624203821656051, 0.9235668789808917, 0.8343949044585988, 0.37579617834394907, 0.2929936305732484, 0.3885350318471338, 0.7515923566878981, 0.19745222929936307, 0.8726114649681529, 0.8343949044585988, 0.36942675159235666, 0.31210191082802546, 0.5796178343949044, 0.7834394904458599, 0.33121019108280253, 0.22929936305732485, 1.0, 0.8598726114649682, 0.554140127388535, 0.5732484076433121, 0.9235668789808917, 0.8407643312101911, 0.24203821656050956, 0.45222929936305734, 0.3057324840764331, 0.6305732484076433, 0.6114649681528662, 0.6496815286624203, 0.7006369426751592, 0.6560509554140127, 0.6942675159235668, 0.35668789808917195, 0.6815286624203821, 0.1910828025477707, 0.17834394904458598, 0.9044585987261147, 0.3821656050955414, 0.6496815286624203, 0.802547770700637, 0.6242038216560509, 0.6560509554140127, 0.5095541401273885, 0.46496815286624205, 0.732484076433121, 0.3184713375796178, 0.9171974522292994, 0.6751592356687898, 0.4267515923566879, 0.37579617834394907, 0.8343949044585988, 0.8853503184713376, 0.7388535031847133, 0.7770700636942676, 0.34394904458598724, 0.5605095541401274, 0.5859872611464968, 0.445859872611465, 0.732484076433121, 0.9808917197452229, 0.7261146496815286, 0.7388535031847133, 0.8726114649681529, 0.6815286624203821, 0.4267515923566879, 0.42038216560509556, 0.4968152866242038, 0.5222929936305732, 0.5859872611464968, 0.554140127388535, 0.7197452229299363, 0.7898089171974523, 0.89171974522293, 0.45222929936305734, 0.5286624203821656, 0.9235668789808917, 0.8407643312101911, 0.910828025477707, 0.34394904458598724, 0.6878980891719745, 0.910828025477707, 0.5923566878980892, 0.7197452229299363, 0.6815286624203821, 0.25477707006369427, 0.8662420382165605, 0.45222929936305734, 0.4394904458598726, 0.5732484076433121, 1.0, 0.4585987261146497, 0.4713375796178344, 0.3375796178343949, 0.732484076433121, 0.6369426751592356, 0.6178343949044586, 0.2802547770700637, 1.0, 0.7643312101910829, 0.7961783439490446, 0.36942675159235666, 0.7515923566878981, 0.21019108280254778, 0.5923566878980892, 0.34394904458598724, 0.2611464968152866],