{"DPolicy-mean": 0.6087579617834395, "Policy-mean": 0.3912420382165605, "DPolicy": [0.5732484076433121, 0.1464968152866242, 0.4968152866242038, 0.4267515923566879, 0.47770700636942676, 0.6050955414012739, 0.5222929936305732, 0.35668789808917195, 0.39490445859872614, 0.5286624203821656, 0.7898089171974523, 0.8280254777070064, 0.6496815286624203, 0.5923566878980892, 0.4713375796178344, 0.7834394904458599, 0.821656050955414, 0.89171974522293, 1.0, 0.7133757961783439, 0.2929936305732484, 0.8726114649681529, 0.8280254777070064, 0.3057324840764331, 0.4585987261146497, 0.7770700636942676, 0.6815286624203821, 0.6369426751592356, 0.49044585987261147, 0.7452229299363057, 0.7898089171974523, 0.6624203821656051, 0.6114649681528662, 0.7070063694267515, 0.21019108280254778, 0.5222929936305732, 0.3821656050955414, 0.4585987261146497, 0.8471337579617835, 1.0], "Policy": [0.4267515923566879, 0.8535031847133758, 0.5031847133757962, 0.5732484076433121, 0.5222929936305732, 0.39490445859872614, 0.47770700636942676, 0.643312101910828, 0.6050955414012739, 0.4713375796178344, 0.21019108280254778, 0.17197452229299362, 0.3503184713375796, 0.40764331210191085, 0.5286624203821656, 0.21656050955414013, 0.17834394904458598, 0.10828025477707007, 0.0, 0.28662420382165604, 0.7070063694267515, 0.12738853503184713, 0.17197452229299362, 0.6942675159235668, 0.5414012738853503, 0.2229299363057325, 0.3184713375796178, 0.3630573248407643, 0.5095541401273885, 0.25477707006369427, 0.21019108280254778, 0.3375796178343949, 0.3885350318471338, 0.2929936305732484, 0.7898089171974523, 0.47770700636942676, 0.6178343949044586, 0.5414012738853503, 0.15286624203821655, 0.0]}