{"DMCTS-mean": 0.5717452229299362, "OOS-1000-mean": 0.4282547770700637, "DMCTS": [0.1337579617834395, 0.49044585987261147, 0.7261146496815286, 0.49044585987261147, 0.40764331210191085, 0.5668789808917197, 0.7770700636942676, 0.17197452229299362, 0.8407643312101911, 0.9171974522292994, 0.8152866242038217, 0.7834394904458599, 0.7452229299363057, 0.19745222929936307, 0.3248407643312102, 0.15286624203821655, 0.7898089171974523, 0.4012738853503185, 0.2356687898089172, 0.3248407643312102, 0.7070063694267515, 1.0, 0.7834394904458599, 0.7961783439490446, 0.5414012738853503, 0.821656050955414, 0.802547770700637, 0.6178343949044586, 0.8789808917197452, 0.17834394904458598, 0.7133757961783439, 0.3375796178343949, 0.09554140127388536, 0.050955414012738856, 0.5923566878980892, 0.6114649681528662, 0.49044585987261147, 0.40764331210191085, 0.6751592356687898, 0.910828025477707, 0.6114649681528662, 0.5286624203821656, 0.7006369426751592, 0.7579617834394905, 0.9044585987261147, 0.6305732484076433, 0.35668789808917195, 0.7197452229299363, 0.8662420382165605, 0.2356687898089172, 0.34394904458598724, 0.5859872611464968, 0.36942675159235666, 0.5286624203821656, 0.821656050955414, 0.8789808917197452, 0.2929936305732484, 0.42038216560509556, 0.3821656050955414, 0.39490445859872614, 0.445859872611465, 0.9872611464968153, 0.3057324840764331, 0.7579617834394905, 0.7261146496815286, 0.5222929936305732, 0.6815286624203821, 0.4713375796178344, 0.18471337579617833, 0.445859872611465, 0.3821656050955414, 0.6050955414012739, 0.6305732484076433, 0.802547770700637, 1.0, 0.3375796178343949, 0.9171974522292994, 0.7006369426751592, 0.18471337579617833, 0.21656050955414013, 0.445859872611465, 0.46496815286624205, 0.7961783439490446, 0.9617834394904459, 0.5605095541401274, 0.35668789808917195, 0.43312101910828027, 0.6050955414012739, 0.35668789808917195, 0.49044585987261147, 0.34394904458598724, 0.5095541401273885, 0.8535031847133758, 0.11464968152866242, 0.3375796178343949, 0.46496815286624205, 0.5605095541401274, 0.4012738853503185, 0.535031847133758, 0.3630573248407643, 0.5668789808917197, 0.09554140127388536, 0.8726114649681529, 0.89171974522293, 0.2229299363057325, 0.6815286624203821, 0.5159235668789809, 0.6942675159235668, 0.8662420382165605, 0.6242038216560509, 0.5095541401273885, 0.6815286624203821, 0.6369426751592356, 0.1464968152866242, 0.8726114649681529, 0.35668789808917195, 0.35668789808917195, 0.6305732484076433, 0.445859872611465, 0.5987261146496815, 0.802547770700637, 0.3375796178343949, 0.7070063694267515, 0.6114649681528662, 0.6369426751592356, 0.8789808917197452, 0.7133757961783439, 0.6942675159235668, 0.7261146496815286, 0.6305732484076433, 0.47770700636942676, 0.821656050955414, 0.535031847133758, 0.89171974522293, 0.7006369426751592, 0.5923566878980892, 0.31210191082802546, 0.2229299363057325, 0.2356687898089172, 0.7707006369426752, 0.554140127388535, 0.7579617834394905, 0.4267515923566879, 0.8853503184713376, 0.8407643312101911, 0.5159235668789809, 0.7006369426751592, 0.6114649681528662, 0.4585987261146497, 0.35668789808917195, 0.7197452229299363, 0.45222929936305734, 0.9426751592356688, 0.8343949044585988, 0.15286624203821655, 0.37579617834394907, 0.5859872611464968, 0.37579617834394907, 0.5031847133757962, 0.47770700636942676, 0.8662420382165605, 0.9808917197452229, 0.5987261146496815, 0.910828025477707, 1.0, 0.7261146496815286, 0.2929936305732484, 0.554140127388535, 0.2229299363057325, 0.7070063694267515, 0.7070063694267515, 0.4713375796178344, 0.7579617834394905, 0.7388535031847133, 0.1337579617834395, 0.36942675159235666, 0.8471337579617835, 0.8980891719745223, 0.4840764331210191, 0.7070063694267515, 0.643312101910828, 0.9872611464968153, 0.43312101910828027, 0.7197452229299363, 0.3375796178343949, 0.7515923566878981, 0.7452229299363057, 0.8407643312101911, 0.5095541401273885, 0.18471337579617833, 0.7261146496815286, 0.2802547770700637, 0.6560509554140127, 0.33121019108280253, 0.554140127388535, 0.33121019108280253, 0.5987261146496815, 0.1910828025477707, 0.43312101910828027, 0.7515923566878981, 0.5605095541401274, 0.9171974522292994, 0.5414012738853503, 0.34394904458598724, 0.7707006369426752, 0.42038216560509556, 0.5031847133757962, 0.8535031847133758, 0.6751592356687898, 0.4267515923566879, 0.5031847133757962, 0.5859872611464968, 0.6496815286624203, 0.6242038216560509, 0.7261146496815286, 0.5414012738853503, 0.7643312101910829, 0.4713375796178344, 0.7261146496815286, 0.35668789808917195, 0.5668789808917197, 0.37579617834394907, 0.535031847133758, 0.6624203821656051, 0.36942675159235666, 0.7388535031847133, 0.7770700636942676, 0.4585987261146497, 0.6178343949044586, 0.49044585987261147, 0.6178343949044586, 0.6242038216560509, 0.45222929936305734, 0.8343949044585988, 0.6050955414012739, 0.5477707006369427, 0.8789808917197452, 0.5222929936305732, 0.535031847133758, 0.7133757961783439, 0.47770700636942676, 0.6305732484076433, 0.5222929936305732, 0.6878980891719745, 0.1464968152866242, 0.4840764331210191, 0.46496815286624205, 0.5605095541401274, 0.5732484076433121, 0.5286624203821656],