{"DMCTS-mean": 0.6541656050955414, "OOS-100-v2-mean": 0.34583439490445855, "DMCTS": [0.5222929936305732, 0.6178343949044586, 0.6878980891719745, 0.47770700636942676, 0.89171974522293, 0.6178343949044586, 0.535031847133758, 0.5859872611464968, 0.8662420382165605, 0.9745222929936306, 0.3630573248407643, 0.9681528662420382, 0.9299363057324841, 0.535031847133758, 0.7452229299363057, 0.9235668789808917, 0.4713375796178344, 0.27388535031847133, 0.5031847133757962, 0.8471337579617835, 0.4140127388535032, 0.7388535031847133, 0.5031847133757962, 0.8853503184713376, 0.4140127388535032, 0.47770700636942676, 0.7515923566878981, 0.8280254777070064, 0.8471337579617835, 0.7515923566878981, 0.802547770700637, 0.4840764331210191, 0.6114649681528662, 0.7579617834394905, 0.29936305732484075, 0.6815286624203821, 0.6624203821656051, 0.3057324840764331, 1.0, 0.910828025477707, 0.6624203821656051, 0.5477707006369427, 0.8089171974522293, 0.6687898089171974, 0.49044585987261147, 0.19745222929936307, 0.4267515923566879, 0.8343949044585988, 0.910828025477707, 0.8280254777070064, 0.6050955414012739, 0.9745222929936306, 0.5987261146496815, 0.34394904458598724, 0.5477707006369427, 0.9554140127388535, 0.7515923566878981, 0.6496815286624203, 0.9044585987261147, 0.89171974522293, 0.16560509554140126, 0.554140127388535, 0.9299363057324841, 0.5732484076433121, 0.4840764331210191, 0.8152866242038217, 0.8343949044585988, 0.4840764331210191, 0.6560509554140127, 0.5095541401273885, 0.4267515923566879, 0.7898089171974523, 0.8535031847133758, 0.8152866242038217, 0.42038216560509556, 0.7006369426751592, 0.5222929936305732, 0.5732484076433121, 0.3375796178343949, 0.7197452229299363, 0.5477707006369427, 0.7770700636942676, 1.0, 0.7133757961783439, 0.7579617834394905, 0.2356687898089172, 0.7770700636942676, 0.3057324840764331, 0.9808917197452229, 0.34394904458598724, 0.3375796178343949, 0.5477707006369427, 0.7388535031847133, 0.5732484076433121, 0.5859872611464968, 0.36942675159235666, 0.732484076433121, 0.5732484076433121, 1.0, 0.7707006369426752, 0.42038216560509556, 0.8853503184713376, 0.7197452229299363, 0.39490445859872614, 0.6560509554140127, 0.6687898089171974, 0.8407643312101911, 0.7579617834394905, 0.7579617834394905, 1.0, 0.40764331210191085, 0.8726114649681529, 0.8280254777070064, 0.8789808917197452, 0.9235668789808917, 0.6114649681528662, 0.6496815286624203, 0.8280254777070064, 0.5031847133757962, 0.5605095541401274, 0.8089171974522293, 0.9171974522292994, 0.3630573248407643, 0.7961783439490446, 0.35668789808917195, 1.0, 0.6560509554140127, 0.6751592356687898, 0.49044585987261147, 0.5732484076433121, 0.47770700636942676, 0.6942675159235668, 0.7707006369426752, 1.0, 0.6687898089171974, 0.4713375796178344, 0.5987261146496815, 0.6687898089171974, 0.6815286624203821, 0.7579617834394905, 0.6942675159235668, 0.46496815286624205, 0.10191082802547771, 0.39490445859872614, 0.7770700636942676, 0.8089171974522293, 0.9171974522292994, 0.4840764331210191, 0.4968152866242038, 0.9617834394904459, 0.9808917197452229, 0.8662420382165605, 0.5159235668789809, 0.7643312101910829, 0.9554140127388535, 0.8280254777070064, 0.24203821656050956, 0.9044585987261147, 0.8089171974522293, 0.8089171974522293, 0.4968152866242038, 0.7197452229299363, 0.43312101910828027, 0.7961783439490446, 0.3375796178343949, 0.8598726114649682, 0.8789808917197452, 0.7579617834394905, 0.42038216560509556, 0.5031847133757962, 0.7834394904458599, 0.8152866242038217, 0.6815286624203821, 0.3503184713375796, 0.42038216560509556, 0.5732484076433121, 0.46496815286624205, 0.7133757961783439, 0.8598726114649682, 0.4585987261146497, 0.6624203821656051, 0.4585987261146497, 0.5414012738853503, 0.8471337579617835, 0.7388535031847133, 1.0, 0.4713375796178344, 0.4267515923566879, 0.7261146496815286, 0.044585987261146494, 0.5923566878980892, 0.47770700636942676, 1.0, 1.0, 0.9363057324840764, 0.40764331210191085, 0.6815286624203821, 0.802547770700637, 0.5796178343949044, 0.21656050955414013, 0.8598726114649682, 0.37579617834394907, 0.8407643312101911, 0.5414012738853503, 0.5859872611464968, 0.45222929936305734, 0.33121019108280253, 0.9235668789808917, 0.9426751592356688, 0.554140127388535, 0.9681528662420382, 1.0, 0.4840764331210191, 0.3630573248407643, 0.6369426751592356, 0.1464968152866242, 0.910828025477707, 0.4840764331210191, 0.3885350318471338, 1.0, 0.6305732484076433, 0.5286624203821656, 0.5859872611464968, 0.554140127388535, 0.9872611464968153, 0.4713375796178344, 0.36942675159235666, 0.8598726114649682, 0.8089171974522293, 0.5605095541401274, 0.7070063694267515, 0.5222929936305732, 0.7834394904458599, 0.7834394904458599, 0.1592356687898089, 0.7388535031847133, 0.910828025477707, 0.8407643312101911, 0.6178343949044586, 0.7070063694267515, 0.9171974522292994, 0.7961783439490446, 0.6178343949044586, 0.7770700636942676, 0.4713375796178344, 0.732484076433121, 0.6624203821656051, 0.16560509554140126, 0.6050955414012739, 0.6751592356687898],